month,commodity,state,district,unit,min_price,max_price,modal_price
2023-08,Maize,Maharashtra,Nashik,Quintal,1806.0,2298.0,2052.0
2023-08,Maize,Maharashtra,Pune,Quintal,1893.0,2409.0,2151.0
2023-08,Maize,Maharashtra,Ahmednagar,Quintal,1895.0,2411.0,2153.0
2023-08,Maize,Maharashtra,Jalgaon,Quintal,1974.0,2512.0,2243.0
2023-08,Soybean,Maharashtra,Nashik,Quintal,3791.0,4825.0,4308.0
2023-08,Soybean,Maharashtra,Pune,Quintal,3868.0,4924.0,4396.0
2023-08,Soybean,Maharashtra,Ahmednagar,Quintal,4113.0,5235.0,4674.0
2023-08,Soybean,Maharashtra,Jalgaon,Quintal,4085.0,5199.0,4642.0
2023-08,Onion,Maharashtra,Nashik,Quintal,1764.0,2244.0,2004.0
2023-08,Onion,Maharashtra,Pune,Quintal,1614.0,2054.0,1834.0
2023-08,Onion,Maharashtra,Ahmednagar,Quintal,1730.0,2202.0,1966.0
2023-08,Onion,Maharashtra,Jalgaon,Quintal,1754.0,2232.0,1993.0
2023-08,Tomato,Maharashtra,Nashik,Quintal,1519.0,1933.0,1726.0
2023-08,Tomato,Maharashtra,Pune,Quintal,1389.0,1767.0,1578.0
2023-08,Tomato,Maharashtra,Ahmednagar,Quintal,1114.0,1418.0,1266.0
2023-08,Tomato,Maharashtra,Jalgaon,Quintal,1411.0,1795.0,1603.0
2023-08,Wheat,Maharashtra,Nashik,Quintal,1940.0,2468.0,2204.0
2023-08,Wheat,Maharashtra,Pune,Quintal,2053.0,2613.0,2333.0
2023-08,Wheat,Maharashtra,Ahmednagar,Quintal,1994.0,2538.0,2266.0
2023-08,Wheat,Maharashtra,Jalgaon,Quintal,2052.0,2612.0,2332.0
2023-08,Fodder,Maharashtra,Nashik,Quintal,313.0,399.0,356.0
2023-08,Fodder,Maharashtra,Pune,Quintal,313.0,399.0,356.0
2023-08,Fodder,Maharashtra,Ahmednagar,Quintal,299.0,381.0,340.0
2023-08,Fodder,Maharashtra,Jalgaon,Quintal,300.0,382.0,341.0
2023-08,Poultry,Maharashtra,Nashik,Kg,90.0,114.0,102.0
2023-08,Poultry,Maharashtra,Pune,Kg,90.0,114.0,102.0
2023-08,Poultry,Maharashtra,Ahmednagar,Kg,88.0,112.0,100.0
2023-08,Poultry,Maharashtra,Jalgaon,Kg,91.0,115.0,103.0
2023-08,MilkCow,Maharashtra,Nashik,Litre,33.0,43.0,38.0
2023-08,MilkCow,Maharashtra,Pune,Litre,33.0,41.0,37.0
2023-08,MilkCow,Maharashtra,Ahmednagar,Litre,33.0,43.0,38.0
2023-08,MilkCow,Maharashtra,Jalgaon,Litre,33.0,43.0,38.0
2023-09,Maize,Maharashtra,Nashik,Quintal,1849.0,2353.0,2101.0
2023-09,Maize,Maharashtra,Pune,Quintal,1886.0,2400.0,2143.0
2023-09,Maize,Maharashtra,Ahmednagar,Quintal,1982.0,2522.0,2252.0
2023-09,Maize,Maharashtra,Jalgaon,Quintal,1942.0,2472.0,2207.0
2023-09,Soybean,Maharashtra,Nashik,Quintal,4106.0,5226.0,4666.0
2023-09,Soybean,Maharashtra,Pune,Quintal,3748.0,4770.0,4259.0
2023-09,Soybean,Maharashtra,Ahmednagar,Quintal,4193.0,5337.0,4765.0
2023-09,Soybean,Maharashtra,Jalgaon,Quintal,3968.0,5050.0,4509.0
2023-09,Onion,Maharashtra,Nashik,Quintal,1537.0,1957.0,1747.0
2023-09,Onion,Maharashtra,Pune,Quintal,1523.0,1939.0,1731.0
2023-09,Onion,Maharashtra,Ahmednagar,Quintal,1641.0,2089.0,1865.0
2023-09,Onion,Maharashtra,Jalgaon,Quintal,1586.0,2018.0,1802.0
2023-09,Tomato,Maharashtra,Nashik,Quintal,1018.0,1296.0,1157.0
2023-09,Tomato,Maharashtra,Pune,Quintal,1328.0,1690.0,1509.0
2023-09,Tomato,Maharashtra,Ahmednagar,Quintal,1522.0,1936.0,1729.0
2023-09,Tomato,Maharashtra,Jalgaon,Quintal,1402.0,1784.0,1593.0
2023-09,Wheat,Maharashtra,Nashik,Quintal,2005.0,2551.0,2278.0
2023-09,Wheat,Maharashtra,Pune,Quintal,2073.0,2639.0,2356.0
2023-09,Wheat,Maharashtra,Ahmednagar,Quintal,1968.0,2504.0,2236.0
2023-09,Wheat,Maharashtra,Jalgaon,Quintal,1993.0,2537.0,2265.0
2023-09,Fodder,Maharashtra,Nashik,Quintal,322.0,410.0,366.0
2023-09,Fodder,Maharashtra,Pune,Quintal,308.0,392.0,350.0
2023-09,Fodder,Maharashtra,Ahmednagar,Quintal,309.0,393.0,351.0
2023-09,Fodder,Maharashtra,Jalgaon,Quintal,294.0,374.0,334.0
2023-09,Poultry,Maharashtra,Nashik,Kg,80.0,102.0,91.0
2023-09,Poultry,Maharashtra,Pune,Kg,79.0,101.0,90.0
2023-09,Poultry,Maharashtra,Ahmednagar,Kg,77.0,99.0,88.0
2023-09,Poultry,Maharashtra,Jalgaon,Kg,86.0,110.0,98.0
2023-09,MilkCow,Maharashtra,Nashik,Litre,34.0,44.0,39.0
2023-09,MilkCow,Maharashtra,Pune,Litre,33.0,41.0,37.0
2023-09,MilkCow,Maharashtra,Ahmednagar,Litre,33.0,43.0,38.0
2023-09,MilkCow,Maharashtra,Jalgaon,Litre,33.0,43.0,38.0
2023-10,Maize,Maharashtra,Nashik,Quintal,1991.0,2533.0,2262.0
2023-10,Maize,Maharashtra,Pune,Quintal,1930.0,2456.0,2193.0
2023-10,Maize,Maharashtra,Ahmednagar,Quintal,2086.0,2656.0,2371.0
2023-10,Maize,Maharashtra,Jalgaon,Quintal,2025.0,2577.0,2301.0
2023-10,Soybean,Maharashtra,Nashik,Quintal,4238.0,5394.0,4816.0
2023-10,Soybean,Maharashtra,Pune,Quintal,4247.0,5405.0,4826.0
2023-10,Soybean,Maharashtra,Ahmednagar,Quintal,4561.0,5805.0,5183.0
2023-10,Soybean,Maharashtra,Jalgaon,Quintal,4600.0,5854.0,5227.0
2023-10,Onion,Maharashtra,Nashik,Quintal,1700.0,2164.0,1932.0
2023-10,Onion,Maharashtra,Pune,Quintal,1710.0,2176.0,1943.0
2023-10,Onion,Maharashtra,Ahmednagar,Quintal,1783.0,2269.0,2026.0
2023-10,Onion,Maharashtra,Jalgaon,Quintal,1542.0,1962.0,1752.0
2023-10,Tomato,Maharashtra,Nashik,Quintal,1642.0,2090.0,1866.0
2023-10,Tomato,Maharashtra,Pune,Quintal,1393.0,1773.0,1583.0
2023-10,Tomato,Maharashtra,Ahmednagar,Quintal,1374.0,1748.0,1561.0
2023-10,Tomato,Maharashtra,Jalgaon,Quintal,1712.0,2180.0,1946.0
2023-10,Wheat,Maharashtra,Nashik,Quintal,2099.0,2671.0,2385.0
2023-10,Wheat,Maharashtra,Pune,Quintal,2076.0,2642.0,2359.0
2023-10,Wheat,Maharashtra,Ahmednagar,Quintal,2072.0,2636.0,2354.0
2023-10,Wheat,Maharashtra,Jalgaon,Quintal,2032.0,2586.0,2309.0
2023-10,Fodder,Maharashtra,Nashik,Quintal,330.0,420.0,375.0
2023-10,Fodder,Maharashtra,Pune,Quintal,328.0,418.0,373.0
2023-10,Fodder,Maharashtra,Ahmednagar,Quintal,323.0,411.0,367.0
2023-10,Fodder,Maharashtra,Jalgaon,Quintal,326.0,414.0,370.0
2023-10,Poultry,Maharashtra,Nashik,Kg,88.0,112.0,100.0
2023-10,Poultry,Maharashtra,Pune,Kg,94.0,120.0,107.0
2023-10,Poultry,Maharashtra,Ahmednagar,Kg,84.0,108.0,96.0
2023-10,Poultry,Maharashtra,Jalgaon,Kg,88.0,112.0,100.0
2023-10,MilkCow,Maharashtra,Nashik,Litre,35.0,45.0,40.0
2023-10,MilkCow,Maharashtra,Pune,Litre,36.0,46.0,41.0
2023-10,MilkCow,Maharashtra,Ahmednagar,Litre,36.0,46.0,41.0
2023-10,MilkCow,Maharashtra,Jalgaon,Litre,35.0,45.0,40.0
2023-11,Maize,Maharashtra,Nashik,Quintal,2096.0,2668.0,2382.0
2023-11,Maize,Maharashtra,Pune,Quintal,2078.0,2644.0,2361.0
2023-11,Maize,Maharashtra,Ahmednagar,Quintal,1954.0,2488.0,2221.0
2023-11,Maize,Maharashtra,Jalgaon,Quintal,2099.0,2671.0,2385.0
2023-11,Soybean,Maharashtra,Nashik,Quintal,4001.0,5093.0,4547.0
2023-11,Soybean,Maharashtra,Pune,Quintal,4405.0,5607.0,5006.0
2023-11,Soybean,Maharashtra,Ahmednagar,Quintal,4471.0,5691.0,5081.0
2023-11,Soybean,Maharashtra,Jalgaon,Quintal,4286.0,5456.0,4871.0
2023-11,Onion,Maharashtra,Nashik,Quintal,1642.0,2090.0,1866.0
2023-11,Onion,Maharashtra,Pune,Quintal,1984.0,2526.0,2255.0
2023-11,Onion,Maharashtra,Ahmednagar,Quintal,1986.0,2528.0,2257.0
2023-11,Onion,Maharashtra,Jalgaon,Quintal,1903.0,2421.0,2162.0
2023-11,Tomato,Maharashtra,Nashik,Quintal,1377.0,1753.0,1565.0
2023-11,Tomato,Maharashtra,Pune,Quintal,1030.0,1310.0,1170.0
2023-11,Tomato,Maharashtra,Ahmednagar,Quintal,1199.0,1525.0,1362.0
2023-11,Tomato,Maharashtra,Jalgaon,Quintal,1393.0,1773.0,1583.0
2023-11,Wheat,Maharashtra,Nashik,Quintal,2047.0,2605.0,2326.0
2023-11,Wheat,Maharashtra,Pune,Quintal,2157.0,2745.0,2451.0
2023-11,Wheat,Maharashtra,Ahmednagar,Quintal,2100.0,2672.0,2386.0
2023-11,Wheat,Maharashtra,Jalgaon,Quintal,2106.0,2680.0,2393.0
2023-11,Fodder,Maharashtra,Nashik,Quintal,310.0,394.0,352.0
2023-11,Fodder,Maharashtra,Pune,Quintal,309.0,393.0,351.0
2023-11,Fodder,Maharashtra,Ahmednagar,Quintal,328.0,418.0,373.0
2023-11,Fodder,Maharashtra,Jalgaon,Quintal,340.0,432.0,386.0
2023-11,Poultry,Maharashtra,Nashik,Kg,83.0,105.0,94.0
2023-11,Poultry,Maharashtra,Pune,Kg,92.0,118.0,105.0
2023-11,Poultry,Maharashtra,Ahmednagar,Kg,84.0,108.0,96.0
2023-11,Poultry,Maharashtra,Jalgaon,Kg,90.0,114.0,102.0
2023-11,MilkCow,Maharashtra,Nashik,Litre,36.0,46.0,41.0
2023-11,MilkCow,Maharashtra,Pune,Litre,37.0,47.0,42.0
2023-11,MilkCow,Maharashtra,Ahmednagar,Litre,36.0,46.0,41.0
2023-11,MilkCow,Maharashtra,Jalgaon,Litre,36.0,46.0,41.0
2023-12,Maize,Maharashtra,Nashik,Quintal,1919.0,2443.0,2181.0
2023-12,Maize,Maharashtra,Pune,Quintal,1958.0,2492.0,2225.0
2023-12,Maize,Maharashtra,Ahmednagar,Quintal,2022.0,2574.0,2298.0
2023-12,Maize,Maharashtra,Jalgaon,Quintal,2067.0,2631.0,2349.0
2023-12,Soybean,Maharashtra,Nashik,Quintal,4593.0,5845.0,5219.0
2023-12,Soybean,Maharashtra,Pune,Quintal,4279.0,5445.0,4862.0
2023-12,Soybean,Maharashtra,Ahmednagar,Quintal,4435.0,5645.0,5040.0
2023-12,Soybean,Maharashtra,Jalgaon,Quintal,4034.0,5134.0,4584.0
2023-12,Onion,Maharashtra,Nashik,Quintal,1491.0,1897.0,1694.0
2023-12,Onion,Maharashtra,Pune,Quintal,1735.0,2209.0,1972.0
2023-12,Onion,Maharashtra,Ahmednagar,Quintal,1984.0,2524.0,2254.0
2023-12,Onion,Maharashtra,Jalgaon,Quintal,1929.0,2455.0,2192.0
2023-12,Tomato,Maharashtra,Nashik,Quintal,1401.0,1783.0,1592.0
2023-12,Tomato,Maharashtra,Pune,Quintal,1049.0,1335.0,1192.0
2023-12,Tomato,Maharashtra,Ahmednagar,Quintal,1538.0,1958.0,1748.0
2023-12,Tomato,Maharashtra,Jalgaon,Quintal,1762.0,2242.0,2002.0
2023-12,Wheat,Maharashtra,Nashik,Quintal,2167.0,2757.0,2462.0
2023-12,Wheat,Maharashtra,Pune,Quintal,2189.0,2787.0,2488.0
2023-12,Wheat,Maharashtra,Ahmednagar,Quintal,2086.0,2654.0,2370.0
2023-12,Wheat,Maharashtra,Jalgaon,Quintal,2104.0,2678.0,2391.0
2023-12,Fodder,Maharashtra,Nashik,Quintal,336.0,428.0,382.0
2023-12,Fodder,Maharashtra,Pune,Quintal,326.0,416.0,371.0
2023-12,Fodder,Maharashtra,Ahmednagar,Quintal,316.0,402.0,359.0
2023-12,Fodder,Maharashtra,Jalgaon,Quintal,310.0,394.0,352.0
2023-12,Poultry,Maharashtra,Nashik,Kg,83.0,105.0,94.0
2023-12,Poultry,Maharashtra,Pune,Kg,94.0,120.0,107.0
2023-12,Poultry,Maharashtra,Ahmednagar,Kg,82.0,104.0,93.0
2023-12,Poultry,Maharashtra,Jalgaon,Kg,86.0,110.0,98.0
2023-12,MilkCow,Maharashtra,Nashik,Litre,35.0,45.0,40.0
2023-12,MilkCow,Maharashtra,Pune,Litre,36.0,46.0,41.0
2023-12,MilkCow,Maharashtra,Ahmednagar,Litre,34.0,44.0,39.0
2023-12,MilkCow,Maharashtra,Jalgaon,Litre,35.0,45.0,40.0
2024-01,Maize,Maharashtra,Nashik,Quintal,1872.0,2382.0,2127.0
2024-01,Maize,Maharashtra,Pune,Quintal,1866.0,2374.0,2120.0
2024-01,Maize,Maharashtra,Ahmednagar,Quintal,1871.0,2381.0,2126.0
2024-01,Maize,Maharashtra,Jalgaon,Quintal,1824.0,2322.0,2073.0
2024-01,Soybean,Maharashtra,Nashik,Quintal,4382.0,5578.0,4980.0
2024-01,Soybean,Maharashtra,Pune,Quintal,4135.0,5263.0,4699.0
2024-01,Soybean,Maharashtra,Ahmednagar,Quintal,4288.0,5458.0,4873.0
2024-01,Soybean,Maharashtra,Jalgaon,Quintal,3862.0,4916.0,4389.0
2024-01,Onion,Maharashtra,Nashik,Quintal,1612.0,2052.0,1832.0
2024-01,Onion,Maharashtra,Pune,Quintal,1558.0,1982.0,1770.0
2024-01,Onion,Maharashtra,Ahmednagar,Quintal,1495.0,1903.0,1699.0
2024-01,Onion,Maharashtra,Jalgaon,Quintal,1662.0,2116.0,1889.0
2024-01,Tomato,Maharashtra,Nashik,Quintal,1476.0,1878.0,1677.0
2024-01,Tomato,Maharashtra,Pune,Quintal,989.0,1259.0,1124.0
2024-01,Tomato,Maharashtra,Ahmednagar,Quintal,1252.0,1594.0,1423.0
2024-01,Tomato,Maharashtra,Jalgaon,Quintal,1089.0,1387.0,1238.0
2024-01,Wheat,Maharashtra,Nashik,Quintal,2090.0,2660.0,2375.0
2024-01,Wheat,Maharashtra,Pune,Quintal,1948.0,2480.0,2214.0
2024-01,Wheat,Maharashtra,Ahmednagar,Quintal,2029.0,2583.0,2306.0
2024-01,Wheat,Maharashtra,Jalgaon,Quintal,2077.0,2643.0,2360.0
2024-01,Fodder,Maharashtra,Nashik,Quintal,310.0,394.0,352.0
2024-01,Fodder,Maharashtra,Pune,Quintal,319.0,407.0,363.0
2024-01,Fodder,Maharashtra,Ahmednagar,Quintal,301.0,383.0,342.0
2024-01,Fodder,Maharashtra,Jalgaon,Quintal,318.0,404.0,361.0
2024-01,Poultry,Maharashtra,Nashik,Kg,90.0,114.0,102.0
2024-01,Poultry,Maharashtra,Pune,Kg,79.0,101.0,90.0
2024-01,Poultry,Maharashtra,Ahmednagar,Kg,84.0,108.0,96.0
2024-01,Poultry,Maharashtra,Jalgaon,Kg,88.0,112.0,100.0
2024-01,MilkCow,Maharashtra,Nashik,Litre,33.0,43.0,38.0
2024-01,MilkCow,Maharashtra,Pune,Litre,35.0,45.0,40.0
2024-01,MilkCow,Maharashtra,Ahmednagar,Litre,33.0,41.0,37.0
2024-01,MilkCow,Maharashtra,Jalgaon,Litre,34.0,44.0,39.0
2024-02,Maize,Maharashtra,Nashik,Quintal,1889.0,2405.0,2147.0
2024-02,Maize,Maharashtra,Pune,Quintal,1897.0,2415.0,2156.0
2024-02,Maize,Maharashtra,Ahmednagar,Quintal,1895.0,2411.0,2153.0
2024-02,Maize,Maharashtra,Jalgaon,Quintal,1818.0,2314.0,2066.0
2024-02,Soybean,Maharashtra,Nashik,Quintal,3969.0,5051.0,4510.0
2024-02,Soybean,Maharashtra,Pune,Quintal,3994.0,5084.0,4539.0
2024-02,Soybean,Maharashtra,Ahmednagar,Quintal,3942.0,5016.0,4479.0
2024-02,Soybean,Maharashtra,Jalgaon,Quintal,4095.0,5211.0,4653.0
2024-02,Onion,Maharashtra,Nashik,Quintal,1783.0,2269.0,2026.0
2024-02,Onion,Maharashtra,Pune,Quintal,1549.0,1971.0,1760.0
2024-02,Onion,Maharashtra,Ahmednagar,Quintal,1582.0,2014.0,1798.0
2024-02,Onion,Maharashtra,Jalgaon,Quintal,1492.0,1898.0,1695.0
2024-02,Tomato,Maharashtra,Nashik,Quintal,1322.0,1682.0,1502.0
2024-02,Tomato,Maharashtra,Pune,Quintal,1031.0,1313.0,1172.0
2024-02,Tomato,Maharashtra,Ahmednagar,Quintal,1573.0,2003.0,1788.0
2024-02,Tomato,Maharashtra,Jalgaon,Quintal,1573.0,2003.0,1788.0
2024-02,Wheat,Maharashtra,Nashik,Quintal,2078.0,2644.0,2361.0
2024-02,Wheat,Maharashtra,Pune,Quintal,2082.0,2650.0,2366.0
2024-02,Wheat,Maharashtra,Ahmednagar,Quintal,1983.0,2523.0,2253.0
2024-02,Wheat,Maharashtra,Jalgaon,Quintal,2100.0,2672.0,2386.0
2024-02,Fodder,Maharashtra,Nashik,Quintal,324.0,412.0,368.0
2024-02,Fodder,Maharashtra,Pune,Quintal,316.0,402.0,359.0
2024-02,Fodder,Maharashtra,Ahmednagar,Quintal,309.0,393.0,351.0
2024-02,Fodder,Maharashtra,Jalgaon,Quintal,320.0,408.0,364.0
2024-02,Poultry,Maharashtra,Nashik,Kg,90.0,114.0,102.0
2024-02,Poultry,Maharashtra,Pune,Kg,87.0,111.0,99.0
2024-02,Poultry,Maharashtra,Ahmednagar,Kg,91.0,115.0,103.0
2024-02,Poultry,Maharashtra,Jalgaon,Kg,83.0,105.0,94.0
2024-02,MilkCow,Maharashtra,Nashik,Litre,33.0,41.0,37.0
2024-02,MilkCow,Maharashtra,Pune,Litre,34.0,44.0,39.0
2024-02,MilkCow,Maharashtra,Ahmednagar,Litre,34.0,44.0,39.0
2024-02,MilkCow,Maharashtra,Jalgaon,Litre,34.0,44.0,39.0
2024-03,Maize,Maharashtra,Nashik,Quintal,1829.0,2327.0,2078.0
2024-03,Maize,Maharashtra,Pune,Quintal,1969.0,2505.0,2237.0
2024-03,Maize,Maharashtra,Ahmednagar,Quintal,1932.0,2458.0,2195.0
2024-03,Maize,Maharashtra,Jalgaon,Quintal,1934.0,2462.0,2198.0
2024-03,Soybean,Maharashtra,Nashik,Quintal,3917.0,4985.0,4451.0
2024-03,Soybean,Maharashtra,Pune,Quintal,3970.0,5052.0,4511.0
2024-03,Soybean,Maharashtra,Ahmednagar,Quintal,3952.0,5030.0,4491.0
2024-03,Soybean,Maharashtra,Jalgaon,Quintal,4141.0,5271.0,4706.0
2024-03,Onion,Maharashtra,Nashik,Quintal,1350.0,1718.0,1534.0
2024-03,Onion,Maharashtra,Pune,Quintal,1455.0,1851.0,1653.0
2024-03,Onion,Maharashtra,Ahmednagar,Quintal,1898.0,2416.0,2157.0
2024-03,Onion,Maharashtra,Jalgaon,Quintal,1395.0,1775.0,1585.0
2024-03,Tomato,Maharashtra,Nashik,Quintal,1486.0,1892.0,1689.0
2024-03,Tomato,Maharashtra,Pune,Quintal,1546.0,1968.0,1757.0
2024-03,Tomato,Maharashtra,Ahmednagar,Quintal,1517.0,1931.0,1724.0
2024-03,Tomato,Maharashtra,Jalgaon,Quintal,1086.0,1382.0,1234.0
2024-03,Wheat,Maharashtra,Nashik,Quintal,2051.0,2611.0,2331.0
2024-03,Wheat,Maharashtra,Pune,Quintal,2031.0,2585.0,2308.0
2024-03,Wheat,Maharashtra,Ahmednagar,Quintal,1994.0,2538.0,2266.0
2024-03,Wheat,Maharashtra,Jalgaon,Quintal,2085.0,2653.0,2369.0
2024-03,Fodder,Maharashtra,Nashik,Quintal,305.0,389.0,347.0
2024-03,Fodder,Maharashtra,Pune,Quintal,306.0,390.0,348.0
2024-03,Fodder,Maharashtra,Ahmednagar,Quintal,304.0,388.0,346.0
2024-03,Fodder,Maharashtra,Jalgaon,Quintal,298.0,380.0,339.0
2024-03,Poultry,Maharashtra,Nashik,Kg,84.0,106.0,95.0
2024-03,Poultry,Maharashtra,Pune,Kg,90.0,114.0,102.0
2024-03,Poultry,Maharashtra,Ahmednagar,Kg,89.0,113.0,101.0
2024-03,Poultry,Maharashtra,Jalgaon,Kg,84.0,106.0,95.0
2024-03,MilkCow,Maharashtra,Nashik,Litre,33.0,41.0,37.0
2024-03,MilkCow,Maharashtra,Pune,Litre,33.0,41.0,37.0
2024-03,MilkCow,Maharashtra,Ahmednagar,Litre,33.0,41.0,37.0
2024-03,MilkCow,Maharashtra,Jalgaon,Litre,33.0,41.0,37.0
2024-04,Maize,Maharashtra,Nashik,Quintal,1965.0,2501.0,2233.0
2024-04,Maize,Maharashtra,Pune,Quintal,1940.0,2468.0,2204.0
2024-04,Maize,Maharashtra,Ahmednagar,Quintal,2023.0,2575.0,2299.0
2024-04,Maize,Maharashtra,Jalgaon,Quintal,1888.0,2402.0,2145.0
2024-04,Soybean,Maharashtra,Nashik,Quintal,4297.0,5469.0,4883.0
2024-04,Soybean,Maharashtra,Pune,Quintal,4184.0,5324.0,4754.0
2024-04,Soybean,Maharashtra,Ahmednagar,Quintal,4214.0,5364.0,4789.0
2024-04,Soybean,Maharashtra,Jalgaon,Quintal,4189.0,5331.0,4760.0
2024-04,Onion,Maharashtra,Nashik,Quintal,1883.0,2397.0,2140.0
2024-04,Onion,Maharashtra,Pune,Quintal,1491.0,1897.0,1694.0
2024-04,Onion,Maharashtra,Ahmednagar,Quintal,1426.0,1816.0,1621.0
2024-04,Onion,Maharashtra,Jalgaon,Quintal,1585.0,2017.0,1801.0
2024-04,Tomato,Maharashtra,Nashik,Quintal,1727.0,2197.0,1962.0
2024-04,Tomato,Maharashtra,Pune,Quintal,1646.0,2094.0,1870.0
2024-04,Tomato,Maharashtra,Ahmednagar,Quintal,1492.0,1898.0,1695.0
2024-04,Tomato,Maharashtra,Jalgaon,Quintal,1632.0,2076.0,1854.0
2024-04,Wheat,Maharashtra,Nashik,Quintal,2064.0,2626.0,2345.0
2024-04,Wheat,Maharashtra,Pune,Quintal,2103.0,2677.0,2390.0
2024-04,Wheat,Maharashtra,Ahmednagar,Quintal,2016.0,2566.0,2291.0
2024-04,Wheat,Maharashtra,Jalgaon,Quintal,2107.0,2681.0,2394.0
2024-04,Fodder,Maharashtra,Nashik,Quintal,308.0,392.0,350.0
2024-04,Fodder,Maharashtra,Pune,Quintal,320.0,408.0,364.0
2024-04,Fodder,Maharashtra,Ahmednagar,Quintal,311.0,395.0,353.0
2024-04,Fodder,Maharashtra,Jalgaon,Quintal,298.0,380.0,339.0
2024-04,Poultry,Maharashtra,Nashik,Kg,88.0,112.0,100.0
2024-04,Poultry,Maharashtra,Pune,Kg,82.0,104.0,93.0
2024-04,Poultry,Maharashtra,Ahmednagar,Kg,92.0,116.0,104.0
2024-04,Poultry,Maharashtra,Jalgaon,Kg,89.0,113.0,101.0
2024-04,MilkCow,Maharashtra,Nashik,Litre,33.0,41.0,37.0
2024-04,MilkCow,Maharashtra,Pune,Litre,34.0,44.0,39.0
2024-04,MilkCow,Maharashtra,Ahmednagar,Litre,33.0,43.0,38.0
2024-04,MilkCow,Maharashtra,Jalgaon,Litre,35.0,45.0,40.0
2024-05,Maize,Maharashtra,Nashik,Quintal,1936.0,2464.0,2200.0
2024-05,Maize,Maharashtra,Pune,Quintal,1889.0,2405.0,2147.0
2024-05,Maize,Maharashtra,Ahmednagar,Quintal,1940.0,2470.0,2205.0
2024-05,Maize,Maharashtra,Jalgaon,Quintal,1977.0,2517.0,2247.0
2024-05,Soybean,Maharashtra,Nashik,Quintal,3866.0,4920.0,4393.0
2024-05,Soybean,Maharashtra,Pune,Quintal,4199.0,5345.0,4772.0
2024-05,Soybean,Maharashtra,Ahmednagar,Quintal,3869.0,4925.0,4397.0
2024-05,Soybean,Maharashtra,Jalgaon,Quintal,3874.0,4930.0,4402.0
2024-05,Onion,Maharashtra,Nashik,Quintal,1518.0,1932.0,1725.0
2024-05,Onion,Maharashtra,Pune,Quintal,1708.0,2174.0,1941.0
2024-05,Onion,Maharashtra,Ahmednagar,Quintal,1713.0,2181.0,1947.0
2024-05,Onion,Maharashtra,Jalgaon,Quintal,1309.0,1665.0,1487.0
2024-05,Tomato,Maharashtra,Nashik,Quintal,1407.0,1791.0,1599.0
2024-05,Tomato,Maharashtra,Pune,Quintal,1228.0,1562.0,1395.0
2024-05,Tomato,Maharashtra,Ahmednagar,Quintal,1250.0,1592.0,1421.0
2024-05,Tomato,Maharashtra,Jalgaon,Quintal,1133.0,1443.0,1288.0
2024-05,Wheat,Maharashtra,Nashik,Quintal,2025.0,2577.0,2301.0
2024-05,Wheat,Maharashtra,Pune,Quintal,1992.0,2536.0,2264.0
2024-05,Wheat,Maharashtra,Ahmednagar,Quintal,1977.0,2517.0,2247.0
2024-05,Wheat,Maharashtra,Jalgaon,Quintal,2045.0,2603.0,2324.0
2024-05,Fodder,Maharashtra,Nashik,Quintal,319.0,405.0,362.0
2024-05,Fodder,Maharashtra,Pune,Quintal,327.0,417.0,372.0
2024-05,Fodder,Maharashtra,Ahmednagar,Quintal,319.0,407.0,363.0
2024-05,Fodder,Maharashtra,Jalgaon,Quintal,311.0,395.0,353.0
2024-05,Poultry,Maharashtra,Nashik,Kg,82.0,104.0,93.0
2024-05,Poultry,Maharashtra,Pune,Kg,80.0,102.0,91.0
2024-05,Poultry,Maharashtra,Ahmednagar,Kg,78.0,100.0,89.0
2024-05,Poultry,Maharashtra,Jalgaon,Kg,82.0,104.0,93.0
2024-05,MilkCow,Maharashtra,Nashik,Litre,34.0,44.0,39.0
2024-05,MilkCow,Maharashtra,Pune,Litre,33.0,43.0,38.0
2024-05,MilkCow,Maharashtra,Ahmednagar,Litre,33.0,43.0,38.0
2024-05,MilkCow,Maharashtra,Jalgaon,Litre,35.0,45.0,40.0
2024-06,Maize,Maharashtra,Nashik,Quintal,1952.0,2484.0,2218.0
2024-06,Maize,Maharashtra,Pune,Quintal,2008.0,2556.0,2282.0
2024-06,Maize,Maharashtra,Ahmednagar,Quintal,1942.0,2472.0,2207.0
2024-06,Maize,Maharashtra,Jalgaon,Quintal,1965.0,2501.0,2233.0
2024-06,Soybean,Maharashtra,Nashik,Quintal,4433.0,5643.0,5038.0
2024-06,Soybean,Maharashtra,Pune,Quintal,4139.0,5267.0,4703.0
2024-06,Soybean,Maharashtra,Ahmednagar,Quintal,3974.0,5058.0,4516.0
2024-06,Soybean,Maharashtra,Jalgaon,Quintal,4217.0,5367.0,4792.0
2024-06,Onion,Maharashtra,Nashik,Quintal,1780.0,2266.0,2023.0
2024-06,Onion,Maharashtra,Pune,Quintal,1498.0,1906.0,1702.0
2024-06,Onion,Maharashtra,Ahmednagar,Quintal,1718.0,2186.0,1952.0
2024-06,Onion,Maharashtra,Jalgaon,Quintal,1300.0,1654.0,1477.0
2024-06,Tomato,Maharashtra,Nashik,Quintal,1733.0,2205.0,1969.0
2024-06,Tomato,Maharashtra,Pune,Quintal,1323.0,1683.0,1503.0
2024-06,Tomato,Maharashtra,Ahmednagar,Quintal,1727.0,2197.0,1962.0
2024-06,Tomato,Maharashtra,Jalgaon,Quintal,1491.0,1897.0,1694.0
2024-06,Wheat,Maharashtra,Nashik,Quintal,2101.0,2675.0,2388.0
2024-06,Wheat,Maharashtra,Pune,Quintal,2112.0,2688.0,2400.0
2024-06,Wheat,Maharashtra,Ahmednagar,Quintal,2108.0,2684.0,2396.0
2024-06,Wheat,Maharashtra,Jalgaon,Quintal,2026.0,2578.0,2302.0
2024-06,Fodder,Maharashtra,Nashik,Quintal,329.0,419.0,374.0
2024-06,Fodder,Maharashtra,Pune,Quintal,328.0,418.0,373.0
2024-06,Fodder,Maharashtra,Ahmednagar,Quintal,305.0,389.0,347.0
2024-06,Fodder,Maharashtra,Jalgaon,Quintal,325.0,413.0,369.0
2024-06,Poultry,Maharashtra,Nashik,Kg,83.0,105.0,94.0
2024-06,Poultry,Maharashtra,Pune,Kg,81.0,103.0,92.0
2024-06,Poultry,Maharashtra,Ahmednagar,Kg,84.0,106.0,95.0
2024-06,Poultry,Maharashtra,Jalgaon,Kg,87.0,111.0,99.0
2024-06,MilkCow,Maharashtra,Nashik,Litre,34.0,44.0,39.0
2024-06,MilkCow,Maharashtra,Pune,Litre,34.0,44.0,39.0
2024-06,MilkCow,Maharashtra,Ahmednagar,Litre,35.0,45.0,40.0
2024-06,MilkCow,Maharashtra,Jalgaon,Litre,34.0,44.0,39.0
2024-07,Maize,Maharashtra,Nashik,Quintal,1861.0,2369.0,2115.0
2024-07,Maize,Maharashtra,Pune,Quintal,1963.0,2499.0,2231.0
2024-07,Maize,Maharashtra,Ahmednagar,Quintal,1853.0,2359.0,2106.0
2024-07,Maize,Maharashtra,Jalgaon,Quintal,2025.0,2577.0,2301.0
2024-07,Soybean,Maharashtra,Nashik,Quintal,4435.0,5645.0,5040.0
2024-07,Soybean,Maharashtra,Pune,Quintal,4345.0,5529.0,4937.0
2024-07,Soybean,Maharashtra,Ahmednagar,Quintal,4359.0,5547.0,4953.0
2024-07,Soybean,Maharashtra,Jalgaon,Quintal,4271.0,5435.0,4853.0
2024-07,Onion,Maharashtra,Nashik,Quintal,1810.0,2304.0,2057.0
2024-07,Onion,Maharashtra,Pune,Quintal,1709.0,2175.0,1942.0
2024-07,Onion,Maharashtra,Ahmednagar,Quintal,1350.0,1718.0,1534.0
2024-07,Onion,Maharashtra,Jalgaon,Quintal,1536.0,1956.0,1746.0
2024-07,Tomato,Maharashtra,Nashik,Quintal,1536.0,1954.0,1745.0
2024-07,Tomato,Maharashtra,Pune,Quintal,1056.0,1344.0,1200.0
2024-07,Tomato,Maharashtra,Ahmednagar,Quintal,1543.0,1963.0,1753.0
2024-07,Tomato,Maharashtra,Jalgaon,Quintal,1753.0,2231.0,1992.0
2024-07,Wheat,Maharashtra,Nashik,Quintal,1967.0,2503.0,2235.0
2024-07,Wheat,Maharashtra,Pune,Quintal,1999.0,2545.0,2272.0
2024-07,Wheat,Maharashtra,Ahmednagar,Quintal,2103.0,2677.0,2390.0
2024-07,Wheat,Maharashtra,Jalgaon,Quintal,2059.0,2621.0,2340.0
2024-07,Fodder,Maharashtra,Nashik,Quintal,317.0,403.0,360.0
2024-07,Fodder,Maharashtra,Pune,Quintal,329.0,419.0,374.0
2024-07,Fodder,Maharashtra,Ahmednagar,Quintal,311.0,395.0,353.0
2024-07,Fodder,Maharashtra,Jalgaon,Quintal,329.0,419.0,374.0
2024-07,Poultry,Maharashtra,Nashik,Kg,85.0,109.0,97.0
2024-07,Poultry,Maharashtra,Pune,Kg,87.0,111.0,99.0
2024-07,Poultry,Maharashtra,Ahmednagar,Kg,81.0,103.0,92.0
2024-07,Poultry,Maharashtra,Jalgaon,Kg,85.0,109.0,97.0
2024-07,MilkCow,Maharashtra,Nashik,Litre,33.0,43.0,38.0
2024-07,MilkCow,Maharashtra,Pune,Litre,35.0,45.0,40.0
2024-07,MilkCow,Maharashtra,Ahmednagar,Litre,33.0,43.0,38.0
2024-07,MilkCow,Maharashtra,Jalgaon,Litre,33.0,43.0,38.0
2024-08,Maize,Maharashtra,Nashik,Quintal,1830.0,2330.0,2080.0
2024-08,Maize,Maharashtra,Pune,Quintal,1959.0,2493.0,2226.0
2024-08,Maize,Maharashtra,Ahmednagar,Quintal,2004.0,2550.0,2277.0
2024-08,Maize,Maharashtra,Jalgaon,Quintal,1859.0,2365.0,2112.0
2024-08,Soybean,Maharashtra,Nashik,Quintal,4008.0,5100.0,4554.0
2024-08,Soybean,Maharashtra,Pune,Quintal,4172.0,5310.0,4741.0
2024-08,Soybean,Maharashtra,Ahmednagar,Quintal,4051.0,5155.0,4603.0
2024-08,Soybean,Maharashtra,Jalgaon,Quintal,4459.0,5675.0,5067.0
2024-08,Onion,Maharashtra,Nashik,Quintal,1420.0,1808.0,1614.0
2024-08,Onion,Maharashtra,Pune,Quintal,1782.0,2268.0,2025.0
2024-08,Onion,Maharashtra,Ahmednagar,Quintal,1304.0,1660.0,1482.0
2024-08,Onion,Maharashtra,Jalgaon,Quintal,1690.0,2152.0,1921.0
2024-08,Tomato,Maharashtra,Nashik,Quintal,1336.0,1700.0,1518.0
2024-08,Tomato,Maharashtra,Pune,Quintal,1289.0,1641.0,1465.0
2024-08,Tomato,Maharashtra,Ahmednagar,Quintal,1605.0,2043.0,1824.0
2024-08,Tomato,Maharashtra,Jalgaon,Quintal,1678.0,2136.0,1907.0
2024-08,Wheat,Maharashtra,Nashik,Quintal,2129.0,2709.0,2419.0
2024-08,Wheat,Maharashtra,Pune,Quintal,2131.0,2713.0,2422.0
2024-08,Wheat,Maharashtra,Ahmednagar,Quintal,1996.0,2540.0,2268.0
2024-08,Wheat,Maharashtra,Jalgaon,Quintal,2053.0,2613.0,2333.0
2024-08,Fodder,Maharashtra,Nashik,Quintal,305.0,389.0,347.0
2024-08,Fodder,Maharashtra,Pune,Quintal,317.0,403.0,360.0
2024-08,Fodder,Maharashtra,Ahmednagar,Quintal,304.0,388.0,346.0
2024-08,Fodder,Maharashtra,Jalgaon,Quintal,327.0,417.0,372.0
2024-08,Poultry,Maharashtra,Nashik,Kg,86.0,110.0,98.0
2024-08,Poultry,Maharashtra,Pune,Kg,91.0,115.0,103.0
2024-08,Poultry,Maharashtra,Ahmednagar,Kg,88.0,112.0,100.0
2024-08,Poultry,Maharashtra,Jalgaon,Kg,79.0,101.0,90.0
2024-08,MilkCow,Maharashtra,Nashik,Litre,34.0,44.0,39.0
2024-08,MilkCow,Maharashtra,Pune,Litre,34.0,44.0,39.0
2024-08,MilkCow,Maharashtra,Ahmednagar,Litre,33.0,43.0,38.0
2024-08,MilkCow,Maharashtra,Jalgaon,Litre,33.0,43.0,38.0
2024-09,Maize,Maharashtra,Nashik,Quintal,1967.0,2503.0,2235.0
2024-09,Maize,Maharashtra,Pune,Quintal,1854.0,2360.0,2107.0
2024-09,Maize,Maharashtra,Ahmednagar,Quintal,2054.0,2614.0,2334.0
2024-09,Maize,Maharashtra,Jalgaon,Quintal,1938.0,2466.0,2202.0
2024-09,Soybean,Maharashtra,Nashik,Quintal,4402.0,5602.0,5002.0
2024-09,Soybean,Maharashtra,Pune,Quintal,4304.0,5478.0,4891.0
2024-09,Soybean,Maharashtra,Ahmednagar,Quintal,4074.0,5186.0,4630.0
2024-09,Soybean,Maharashtra,Jalgaon,Quintal,4231.0,5385.0,4808.0
2024-09,Onion,Maharashtra,Nashik,Quintal,1721.0,2191.0,1956.0
2024-09,Onion,Maharashtra,Pune,Quintal,1526.0,1942.0,1734.0
2024-09,Onion,Maharashtra,Ahmednagar,Quintal,1891.0,2407.0,2149.0
2024-09,Onion,Maharashtra,Jalgaon,Quintal,1379.0,1755.0,1567.0
2024-09,Tomato,Maharashtra,Nashik,Quintal,1369.0,1743.0,1556.0
2024-09,Tomato,Maharashtra,Pune,Quintal,1621.0,2063.0,1842.0
2024-09,Tomato,Maharashtra,Ahmednagar,Quintal,1503.0,1913.0,1708.0
2024-09,Tomato,Maharashtra,Jalgaon,Quintal,1318.0,1678.0,1498.0
2024-09,Wheat,Maharashtra,Nashik,Quintal,2068.0,2632.0,2350.0
2024-09,Wheat,Maharashtra,Pune,Quintal,1985.0,2527.0,2256.0
2024-09,Wheat,Maharashtra,Ahmednagar,Quintal,2100.0,2672.0,2386.0
2024-09,Wheat,Maharashtra,Jalgaon,Quintal,1986.0,2528.0,2257.0
2024-09,Fodder,Maharashtra,Nashik,Quintal,316.0,402.0,359.0
2024-09,Fodder,Maharashtra,Pune,Quintal,310.0,394.0,352.0
2024-09,Fodder,Maharashtra,Ahmednagar,Quintal,324.0,412.0,368.0
2024-09,Fodder,Maharashtra,Jalgaon,Quintal,307.0,391.0,349.0
2024-09,Poultry,Maharashtra,Nashik,Kg,84.0,106.0,95.0
2024-09,Poultry,Maharashtra,Pune,Kg,86.0,110.0,98.0
2024-09,Poultry,Maharashtra,Ahmednagar,Kg,84.0,106.0,95.0
2024-09,Poultry,Maharashtra,Jalgaon,Kg,92.0,116.0,104.0
2024-09,MilkCow,Maharashtra,Nashik,Litre,35.0,45.0,40.0
2024-09,MilkCow,Maharashtra,Pune,Litre,35.0,45.0,40.0
2024-09,MilkCow,Maharashtra,Ahmednagar,Litre,34.0,44.0,39.0
2024-09,MilkCow,Maharashtra,Jalgaon,Litre,33.0,43.0,38.0
2024-10,Maize,Maharashtra,Nashik,Quintal,2117.0,2695.0,2406.0
2024-10,Maize,Maharashtra,Pune,Quintal,1974.0,2512.0,2243.0
2024-10,Maize,Maharashtra,Ahmednagar,Quintal,2088.0,2658.0,2373.0
2024-10,Maize,Maharashtra,Jalgaon,Quintal,2006.0,2552.0,2279.0
2024-10,Soybean,Maharashtra,Nashik,Quintal,4570.0,5816.0,5193.0
2024-10,Soybean,Maharashtra,Pune,Quintal,4307.0,5481.0,4894.0
2024-10,Soybean,Maharashtra,Ahmednagar,Quintal,4581.0,5831.0,5206.0
2024-10,Soybean,Maharashtra,Jalgaon,Quintal,4286.0,5456.0,4871.0
2024-10,Onion,Maharashtra,Nashik,Quintal,1473.0,1875.0,1674.0
2024-10,Onion,Maharashtra,Pune,Quintal,1876.0,2388.0,2132.0
2024-10,Onion,Maharashtra,Ahmednagar,Quintal,1817.0,2313.0,2065.0
2024-10,Onion,Maharashtra,Jalgaon,Quintal,1455.0,1851.0,1653.0
2024-10,Tomato,Maharashtra,Nashik,Quintal,1226.0,1560.0,1393.0
2024-10,Tomato,Maharashtra,Pune,Quintal,1712.0,2178.0,1945.0
2024-10,Tomato,Maharashtra,Ahmednagar,Quintal,1271.0,1617.0,1444.0
2024-10,Tomato,Maharashtra,Jalgaon,Quintal,1717.0,2185.0,1951.0
2024-10,Wheat,Maharashtra,Nashik,Quintal,2152.0,2738.0,2445.0
2024-10,Wheat,Maharashtra,Pune,Quintal,2100.0,2672.0,2386.0
2024-10,Wheat,Maharashtra,Ahmednagar,Quintal,2183.0,2779.0,2481.0
2024-10,Wheat,Maharashtra,Jalgaon,Quintal,2115.0,2691.0,2403.0
2024-10,Fodder,Maharashtra,Nashik,Quintal,348.0,444.0,396.0
2024-10,Fodder,Maharashtra,Pune,Quintal,334.0,426.0,380.0
2024-10,Fodder,Maharashtra,Ahmednagar,Quintal,320.0,408.0,364.0
2024-10,Fodder,Maharashtra,Jalgaon,Quintal,326.0,414.0,370.0
2024-10,Poultry,Maharashtra,Nashik,Kg,90.0,114.0,102.0
2024-10,Poultry,Maharashtra,Pune,Kg,89.0,113.0,101.0
2024-10,Poultry,Maharashtra,Ahmednagar,Kg,84.0,106.0,95.0
2024-10,Poultry,Maharashtra,Jalgaon,Kg,93.0,119.0,106.0
2024-10,MilkCow,Maharashtra,Nashik,Litre,37.0,47.0,42.0
2024-10,MilkCow,Maharashtra,Pune,Litre,35.0,45.0,40.0
2024-10,MilkCow,Maharashtra,Ahmednagar,Litre,37.0,47.0,42.0
2024-10,MilkCow,Maharashtra,Jalgaon,Litre,37.0,47.0,42.0
2024-11,Maize,Maharashtra,Nashik,Quintal,2146.0,2732.0,2439.0
2024-11,Maize,Maharashtra,Pune,Quintal,2131.0,2713.0,2422.0
2024-11,Maize,Maharashtra,Ahmednagar,Quintal,2158.0,2746.0,2452.0
2024-11,Maize,Maharashtra,Jalgaon,Quintal,2087.0,2657.0,2372.0
2024-11,Soybean,Maharashtra,Nashik,Quintal,4411.0,5613.0,5012.0
2024-11,Soybean,Maharashtra,Pune,Quintal,4175.0,5313.0,4744.0
2024-11,Soybean,Maharashtra,Ahmednagar,Quintal,4274.0,5440.0,4857.0
2024-11,Soybean,Maharashtra,Jalgaon,Quintal,4259.0,5421.0,4840.0
2024-11,Onion,Maharashtra,Nashik,Quintal,2003.0,2549.0,2276.0
2024-11,Onion,Maharashtra,Pune,Quintal,1866.0,2376.0,2121.0
2024-11,Onion,Maharashtra,Ahmednagar,Quintal,1378.0,1754.0,1566.0
2024-11,Onion,Maharashtra,Jalgaon,Quintal,1754.0,2232.0,1993.0
2024-11,Tomato,Maharashtra,Nashik,Quintal,1215.0,1547.0,1381.0
2024-11,Tomato,Maharashtra,Pune,Quintal,1286.0,1636.0,1461.0
2024-11,Tomato,Maharashtra,Ahmednagar,Quintal,1551.0,1975.0,1763.0
2024-11,Tomato,Maharashtra,Jalgaon,Quintal,1354.0,1724.0,1539.0
2024-11,Wheat,Maharashtra,Nashik,Quintal,2213.0,2817.0,2515.0
2024-11,Wheat,Maharashtra,Pune,Quintal,2161.0,2751.0,2456.0
2024-11,Wheat,Maharashtra,Ahmednagar,Quintal,2233.0,2841.0,2537.0
2024-11,Wheat,Maharashtra,Jalgaon,Quintal,2138.0,2720.0,2429.0
2024-11,Fodder,Maharashtra,Nashik,Quintal,318.0,404.0,361.0
2024-11,Fodder,Maharashtra,Pune,Quintal,324.0,412.0,368.0
2024-11,Fodder,Maharashtra,Ahmednagar,Quintal,320.0,408.0,364.0
2024-11,Fodder,Maharashtra,Jalgaon,Quintal,345.0,439.0,392.0
2024-11,Poultry,Maharashtra,Nashik,Kg,87.0,111.0,99.0
2024-11,Poultry,Maharashtra,Pune,Kg,84.0,106.0,95.0
2024-11,Poultry,Maharashtra,Ahmednagar,Kg,86.0,110.0,98.0
2024-11,Poultry,Maharashtra,Jalgaon,Kg,90.0,114.0,102.0
2024-11,MilkCow,Maharashtra,Nashik,Litre,35.0,45.0,40.0
2024-11,MilkCow,Maharashtra,Pune,Litre,37.0,47.0,42.0
2024-11,MilkCow,Maharashtra,Ahmednagar,Litre,35.0,45.0,40.0
2024-11,MilkCow,Maharashtra,Jalgaon,Litre,37.0,47.0,42.0
2024-12,Maize,Maharashtra,Nashik,Quintal,2060.0,2622.0,2341.0
2024-12,Maize,Maharashtra,Pune,Quintal,1930.0,2456.0,2193.0
2024-12,Maize,Maharashtra,Ahmednagar,Quintal,1951.0,2483.0,2217.0
2024-12,Maize,Maharashtra,Jalgaon,Quintal,2008.0,2556.0,2282.0
2024-12,Soybean,Maharashtra,Nashik,Quintal,4190.0,5332.0,4761.0
2024-12,Soybean,Maharashtra,Pune,Quintal,4360.0,5550.0,4955.0
2024-12,Soybean,Maharashtra,Ahmednagar,Quintal,4461.0,5677.0,5069.0
2024-12,Soybean,Maharashtra,Jalgaon,Quintal,4155.0,5289.0,4722.0
2024-12,Onion,Maharashtra,Nashik,Quintal,1586.0,2018.0,1802.0
2024-12,Onion,Maharashtra,Pune,Quintal,1763.0,2243.0,2003.0
2024-12,Onion,Maharashtra,Ahmednagar,Quintal,1862.0,2370.0,2116.0
2024-12,Onion,Maharashtra,Jalgaon,Quintal,1841.0,2343.0,2092.0
2024-12,Tomato,Maharashtra,Nashik,Quintal,1481.0,1885.0,1683.0
2024-12,Tomato,Maharashtra,Pune,Quintal,1094.0,1392.0,1243.0
2024-12,Tomato,Maharashtra,Ahmednagar,Quintal,1234.0,1570.0,1402.0
2024-12,Tomato,Maharashtra,Jalgaon,Quintal,1361.0,1733.0,1547.0
2024-12,Wheat,Maharashtra,Nashik,Quintal,2115.0,2691.0,2403.0
2024-12,Wheat,Maharashtra,Pune,Quintal,2210.0,2812.0,2511.0
2024-12,Wheat,Maharashtra,Ahmednagar,Quintal,2255.0,2869.0,2562.0
2024-12,Wheat,Maharashtra,Jalgaon,Quintal,2255.0,2869.0,2562.0
2024-12,Fodder,Maharashtra,Nashik,Quintal,348.0,442.0,395.0
2024-12,Fodder,Maharashtra,Pune,Quintal,339.0,431.0,385.0
2024-12,Fodder,Maharashtra,Ahmednagar,Quintal,328.0,418.0,373.0
2024-12,Fodder,Maharashtra,Jalgaon,Quintal,328.0,418.0,373.0
2024-12,Poultry,Maharashtra,Nashik,Kg,92.0,118.0,105.0
2024-12,Poultry,Maharashtra,Pune,Kg,87.0,111.0,99.0
2024-12,Poultry,Maharashtra,Ahmednagar,Kg,96.0,122.0,109.0
2024-12,Poultry,Maharashtra,Jalgaon,Kg,96.0,122.0,109.0
2024-12,MilkCow,Maharashtra,Nashik,Litre,35.0,45.0,40.0
2024-12,MilkCow,Maharashtra,Pune,Litre,36.0,46.0,41.0
2024-12,MilkCow,Maharashtra,Ahmednagar,Litre,35.0,45.0,40.0
2024-12,MilkCow,Maharashtra,Jalgaon,Litre,37.0,47.0,42.0
2025-01,Maize,Maharashtra,Nashik,Quintal,1898.0,2416.0,2157.0
2025-01,Maize,Maharashtra,Pune,Quintal,2016.0,2566.0,2291.0
2025-01,Maize,Maharashtra,Ahmednagar,Quintal,1886.0,2400.0,2143.0
2025-01,Maize,Maharashtra,Jalgaon,Quintal,1903.0,2423.0,2163.0
2025-01,Soybean,Maharashtra,Nashik,Quintal,4415.0,5619.0,5017.0
2025-01,Soybean,Maharashtra,Pune,Quintal,4118.0,5242.0,4680.0
2025-01,Soybean,Maharashtra,Ahmednagar,Quintal,3997.0,5087.0,4542.0
2025-01,Soybean,Maharashtra,Jalgaon,Quintal,3887.0,4947.0,4417.0
2025-01,Onion,Maharashtra,Nashik,Quintal,1580.0,2010.0,1795.0
2025-01,Onion,Maharashtra,Pune,Quintal,1353.0,1721.0,1537.0
2025-01,Onion,Maharashtra,Ahmednagar,Quintal,1784.0,2270.0,2027.0
2025-01,Onion,Maharashtra,Jalgaon,Quintal,1743.0,2219.0,1981.0
2025-01,Tomato,Maharashtra,Nashik,Quintal,1514.0,1926.0,1720.0
2025-01,Tomato,Maharashtra,Pune,Quintal,1582.0,2014.0,1798.0
2025-01,Tomato,Maharashtra,Ahmednagar,Quintal,1200.0,1528.0,1364.0
2025-01,Tomato,Maharashtra,Jalgaon,Quintal,1351.0,1719.0,1535.0
2025-01,Wheat,Maharashtra,Nashik,Quintal,2002.0,2548.0,2275.0
2025-01,Wheat,Maharashtra,Pune,Quintal,2072.0,2636.0,2354.0
2025-01,Wheat,Maharashtra,Ahmednagar,Quintal,2074.0,2640.0,2357.0
2025-01,Wheat,Maharashtra,Jalgaon,Quintal,2041.0,2597.0,2319.0
2025-01,Fodder,Maharashtra,Nashik,Quintal,312.0,398.0,355.0
2025-01,Fodder,Maharashtra,Pune,Quintal,313.0,399.0,356.0
2025-01,Fodder,Maharashtra,Ahmednagar,Quintal,308.0,392.0,350.0
2025-01,Fodder,Maharashtra,Jalgaon,Quintal,334.0,426.0,380.0
2025-01,Poultry,Maharashtra,Nashik,Kg,92.0,116.0,104.0
2025-01,Poultry,Maharashtra,Pune,Kg,82.0,104.0,93.0
2025-01,Poultry,Maharashtra,Ahmednagar,Kg,83.0,105.0,94.0
2025-01,Poultry,Maharashtra,Jalgaon,Kg,92.0,118.0,105.0
2025-01,MilkCow,Maharashtra,Nashik,Litre,35.0,45.0,40.0
2025-01,MilkCow,Maharashtra,Pune,Litre,34.0,44.0,39.0
2025-01,MilkCow,Maharashtra,Ahmednagar,Litre,34.0,44.0,39.0
2025-01,MilkCow,Maharashtra,Jalgaon,Litre,33.0,43.0,38.0
2025-02,Maize,Maharashtra,Nashik,Quintal,1986.0,2528.0,2257.0
2025-02,Maize,Maharashtra,Pune,Quintal,1893.0,2409.0,2151.0
2025-02,Maize,Maharashtra,Ahmednagar,Quintal,1952.0,2484.0,2218.0
2025-02,Maize,Maharashtra,Jalgaon,Quintal,1892.0,2408.0,2150.0
2025-02,Soybean,Maharashtra,Nashik,Quintal,4199.0,5345.0,4772.0
2025-02,Soybean,Maharashtra,Pune,Quintal,4212.0,5360.0,4786.0
2025-02,Soybean,Maharashtra,Ahmednagar,Quintal,4203.0,5349.0,4776.0
2025-02,Soybean,Maharashtra,Jalgaon,Quintal,4389.0,5587.0,4988.0
2025-02,Onion,Maharashtra,Nashik,Quintal,1491.0,1897.0,1694.0
2025-02,Onion,Maharashtra,Pune,Quintal,1887.0,2401.0,2144.0
2025-02,Onion,Maharashtra,Ahmednagar,Quintal,1633.0,2079.0,1856.0
2025-02,Onion,Maharashtra,Jalgaon,Quintal,1680.0,2138.0,1909.0
2025-02,Tomato,Maharashtra,Nashik,Quintal,1647.0,2097.0,1872.0
2025-02,Tomato,Maharashtra,Pune,Quintal,1225.0,1559.0,1392.0
2025-02,Tomato,Maharashtra,Ahmednagar,Quintal,1776.0,2260.0,2018.0
2025-02,Tomato,Maharashtra,Jalgaon,Quintal,1279.0,1627.0,1453.0
2025-02,Wheat,Maharashtra,Nashik,Quintal,2094.0,2664.0,2379.0
2025-02,Wheat,Maharashtra,Pune,Quintal,2080.0,2648.0,2364.0
2025-02,Wheat,Maharashtra,Ahmednagar,Quintal,2016.0,2566.0,2291.0
2025-02,Wheat,Maharashtra,Jalgaon,Quintal,2083.0,2651.0,2367.0
2025-02,Fodder,Maharashtra,Nashik,Quintal,334.0,426.0,380.0
2025-02,Fodder,Maharashtra,Pune,Quintal,326.0,416.0,371.0
2025-02,Fodder,Maharashtra,Ahmednagar,Quintal,307.0,391.0,349.0
2025-02,Fodder,Maharashtra,Jalgaon,Quintal,329.0,419.0,374.0
2025-02,Poultry,Maharashtra,Nashik,Kg,89.0,113.0,101.0
2025-02,Poultry,Maharashtra,Pune,Kg,81.0,103.0,92.0
2025-02,Poultry,Maharashtra,Ahmednagar,Kg,89.0,113.0,101.0
2025-02,Poultry,Maharashtra,Jalgaon,Kg,80.0,102.0,91.0
2025-02,MilkCow,Maharashtra,Nashik,Litre,35.0,45.0,40.0
2025-02,MilkCow,Maharashtra,Pune,Litre,36.0,46.0,41.0
2025-02,MilkCow,Maharashtra,Ahmednagar,Litre,33.0,43.0,38.0
2025-02,MilkCow,Maharashtra,Jalgaon,Litre,34.0,44.0,39.0
2025-03,Maize,Maharashtra,Nashik,Quintal,1973.0,2511.0,2242.0
2025-03,Maize,Maharashtra,Pune,Quintal,1930.0,2456.0,2193.0
2025-03,Maize,Maharashtra,Ahmednagar,Quintal,1954.0,2486.0,2220.0
2025-03,Maize,Maharashtra,Jalgaon,Quintal,1890.0,2406.0,2148.0
2025-03,Soybean,Maharashtra,Nashik,Quintal,3902.0,4966.0,4434.0
2025-03,Soybean,Maharashtra,Pune,Quintal,3991.0,5079.0,4535.0
2025-03,Soybean,Maharashtra,Ahmednagar,Quintal,3969.0,5051.0,4510.0
2025-03,Soybean,Maharashtra,Jalgaon,Quintal,4297.0,5469.0,4883.0
2025-03,Onion,Maharashtra,Nashik,Quintal,1638.0,2084.0,1861.0
2025-03,Onion,Maharashtra,Pune,Quintal,1675.0,2131.0,1903.0
2025-03,Onion,Maharashtra,Ahmednagar,Quintal,1334.0,1698.0,1516.0
2025-03,Onion,Maharashtra,Jalgaon,Quintal,1461.0,1859.0,1660.0
2025-03,Tomato,Maharashtra,Nashik,Quintal,1258.0,1602.0,1430.0
2025-03,Tomato,Maharashtra,Pune,Quintal,1405.0,1789.0,1597.0
2025-03,Tomato,Maharashtra,Ahmednagar,Quintal,1342.0,1708.0,1525.0
2025-03,Tomato,Maharashtra,Jalgaon,Quintal,1573.0,2003.0,1788.0
2025-03,Wheat,Maharashtra,Nashik,Quintal,2020.0,2572.0,2296.0
2025-03,Wheat,Maharashtra,Pune,Quintal,2049.0,2607.0,2328.0
2025-03,Wheat,Maharashtra,Ahmednagar,Quintal,2114.0,2690.0,2402.0
2025-03,Wheat,Maharashtra,Jalgaon,Quintal,2002.0,2548.0,2275.0
2025-03,Fodder,Maharashtra,Nashik,Quintal,304.0,386.0,345.0
2025-03,Fodder,Maharashtra,Pune,Quintal,307.0,391.0,349.0
2025-03,Fodder,Maharashtra,Ahmednagar,Quintal,322.0,410.0,366.0
2025-03,Fodder,Maharashtra,Jalgaon,Quintal,326.0,416.0,371.0
2025-03,Poultry,Maharashtra,Nashik,Kg,92.0,116.0,104.0
2025-03,Poultry,Maharashtra,Pune,Kg,84.0,106.0,95.0
2025-03,Poultry,Maharashtra,Ahmednagar,Kg,91.0,115.0,103.0
2025-03,Poultry,Maharashtra,Jalgaon,Kg,82.0,104.0,93.0
2025-03,MilkCow,Maharashtra,Nashik,Litre,33.0,43.0,38.0
2025-03,MilkCow,Maharashtra,Pune,Litre,35.0,45.0,40.0
2025-03,MilkCow,Maharashtra,Ahmednagar,Litre,34.0,44.0,39.0
2025-03,MilkCow,Maharashtra,Jalgaon,Litre,34.0,44.0,39.0
2025-04,Maize,Maharashtra,Nashik,Quintal,2046.0,2604.0,2325.0
2025-04,Maize,Maharashtra,Pune,Quintal,1890.0,2406.0,2148.0
2025-04,Maize,Maharashtra,Ahmednagar,Quintal,1903.0,2421.0,2162.0
2025-04,Maize,Maharashtra,Jalgaon,Quintal,2079.0,2645.0,2362.0
2025-04,Soybean,Maharashtra,Nashik,Quintal,4016.0,5112.0,4564.0
2025-04,Soybean,Maharashtra,Pune,Quintal,3980.0,5066.0,4523.0
2025-04,Soybean,Maharashtra,Ahmednagar,Quintal,4541.0,5779.0,5160.0
2025-04,Soybean,Maharashtra,Jalgaon,Quintal,4157.0,5291.0,4724.0
2025-04,Onion,Maharashtra,Nashik,Quintal,1596.0,2032.0,1814.0
2025-04,Onion,Maharashtra,Pune,Quintal,1882.0,2396.0,2139.0
2025-04,Onion,Maharashtra,Ahmednagar,Quintal,1783.0,2269.0,2026.0
2025-04,Onion,Maharashtra,Jalgaon,Quintal,1956.0,2490.0,2223.0
2025-04,Tomato,Maharashtra,Nashik,Quintal,1479.0,1883.0,1681.0
2025-04,Tomato,Maharashtra,Pune,Quintal,1324.0,1684.0,1504.0
2025-04,Tomato,Maharashtra,Ahmednagar,Quintal,1742.0,2216.0,1979.0
2025-04,Tomato,Maharashtra,Jalgaon,Quintal,1461.0,1859.0,1660.0
2025-04,Wheat,Maharashtra,Nashik,Quintal,2014.0,2564.0,2289.0
2025-04,Wheat,Maharashtra,Pune,Quintal,2148.0,2734.0,2441.0
2025-04,Wheat,Maharashtra,Ahmednagar,Quintal,2122.0,2700.0,2411.0
2025-04,Wheat,Maharashtra,Jalgaon,Quintal,2018.0,2568.0,2293.0
2025-04,Fodder,Maharashtra,Nashik,Quintal,307.0,391.0,349.0
2025-04,Fodder,Maharashtra,Pune,Quintal,327.0,417.0,372.0
2025-04,Fodder,Maharashtra,Ahmednagar,Quintal,324.0,412.0,368.0
2025-04,Fodder,Maharashtra,Jalgaon,Quintal,310.0,394.0,352.0
2025-04,Poultry,Maharashtra,Nashik,Kg,83.0,105.0,94.0
2025-04,Poultry,Maharashtra,Pune,Kg,89.0,113.0,101.0
2025-04,Poultry,Maharashtra,Ahmednagar,Kg,83.0,105.0,94.0
2025-04,Poultry,Maharashtra,Jalgaon,Kg,93.0,119.0,106.0
2025-04,MilkCow,Maharashtra,Nashik,Litre,36.0,46.0,41.0
2025-04,MilkCow,Maharashtra,Pune,Litre,33.0,43.0,38.0
2025-04,MilkCow,Maharashtra,Ahmednagar,Litre,36.0,46.0,41.0
2025-04,MilkCow,Maharashtra,Jalgaon,Litre,35.0,45.0,40.0
2025-05,Maize,Maharashtra,Nashik,Quintal,2070.0,2634.0,2352.0
2025-05,Maize,Maharashtra,Pune,Quintal,2040.0,2596.0,2318.0
2025-05,Maize,Maharashtra,Ahmednagar,Quintal,1921.0,2445.0,2183.0
2025-05,Maize,Maharashtra,Jalgaon,Quintal,1940.0,2468.0,2204.0
2025-05,Soybean,Maharashtra,Nashik,Quintal,3887.0,4947.0,4417.0
2025-05,Soybean,Maharashtra,Pune,Quintal,4232.0,5386.0,4809.0
2025-05,Soybean,Maharashtra,Ahmednagar,Quintal,4479.0,5701.0,5090.0
2025-05,Soybean,Maharashtra,Jalgaon,Quintal,4448.0,5660.0,5054.0
2025-05,Onion,Maharashtra,Nashik,Quintal,1643.0,2091.0,1867.0
2025-05,Onion,Maharashtra,Pune,Quintal,1412.0,1796.0,1604.0
2025-05,Onion,Maharashtra,Ahmednagar,Quintal,1844.0,2348.0,2096.0
2025-05,Onion,Maharashtra,Jalgaon,Quintal,1690.0,2150.0,1920.0
2025-05,Tomato,Maharashtra,Nashik,Quintal,1763.0,2243.0,2003.0
2025-05,Tomato,Maharashtra,Pune,Quintal,1339.0,1705.0,1522.0
2025-05,Tomato,Maharashtra,Ahmednagar,Quintal,1465.0,1865.0,1665.0
2025-05,Tomato,Maharashtra,Jalgaon,Quintal,1452.0,1848.0,1650.0
2025-05,Wheat,Maharashtra,Nashik,Quintal,2158.0,2746.0,2452.0
2025-05,Wheat,Maharashtra,Pune,Quintal,2115.0,2691.0,2403.0
2025-05,Wheat,Maharashtra,Ahmednagar,Quintal,2057.0,2619.0,2338.0
2025-05,Wheat,Maharashtra,Jalgaon,Quintal,2045.0,2603.0,2324.0
2025-05,Fodder,Maharashtra,Nashik,Quintal,326.0,416.0,371.0
2025-05,Fodder,Maharashtra,Pune,Quintal,319.0,407.0,363.0
2025-05,Fodder,Maharashtra,Ahmednagar,Quintal,316.0,402.0,359.0
2025-05,Fodder,Maharashtra,Jalgaon,Quintal,332.0,422.0,377.0
2025-05,Poultry,Maharashtra,Nashik,Kg,87.0,111.0,99.0
2025-05,Poultry,Maharashtra,Pune,Kg,87.0,111.0,99.0
2025-05,Poultry,Maharashtra,Ahmednagar,Kg,82.0,104.0,93.0
2025-05,Poultry,Maharashtra,Jalgaon,Kg,84.0,106.0,95.0
2025-05,MilkCow,Maharashtra,Nashik,Litre,33.0,43.0,38.0
2025-05,MilkCow,Maharashtra,Pune,Litre,35.0,45.0,40.0
2025-05,MilkCow,Maharashtra,Ahmednagar,Litre,33.0,43.0,38.0
2025-05,MilkCow,Maharashtra,Jalgaon,Litre,36.0,46.0,41.0
2025-06,Maize,Maharashtra,Nashik,Quintal,1991.0,2533.0,2262.0
2025-06,Maize,Maharashtra,Pune,Quintal,1948.0,2480.0,2214.0
2025-06,Maize,Maharashtra,Ahmednagar,Quintal,2010.0,2558.0,2284.0
2025-06,Maize,Maharashtra,Jalgaon,Quintal,1993.0,2537.0,2265.0
2025-06,Soybean,Maharashtra,Nashik,Quintal,4197.0,5341.0,4769.0
2025-06,Soybean,Maharashtra,Pune,Quintal,4212.0,5360.0,4786.0
2025-06,Soybean,Maharashtra,Ahmednagar,Quintal,3903.0,4967.0,4435.0
2025-06,Soybean,Maharashtra,Jalgaon,Quintal,4495.0,5721.0,5108.0
2025-06,Onion,Maharashtra,Nashik,Quintal,1412.0,1796.0,1604.0
2025-06,Onion,Maharashtra,Pune,Quintal,1392.0,1772.0,1582.0
2025-06,Onion,Maharashtra,Ahmednagar,Quintal,1383.0,1761.0,1572.0
2025-06,Onion,Maharashtra,Jalgaon,Quintal,1676.0,2134.0,1905.0
2025-06,Tomato,Maharashtra,Nashik,Quintal,1176.0,1496.0,1336.0
2025-06,Tomato,Maharashtra,Pune,Quintal,1768.0,2250.0,2009.0
2025-06,Tomato,Maharashtra,Ahmednagar,Quintal,1584.0,2016.0,1800.0
2025-06,Tomato,Maharashtra,Jalgaon,Quintal,1023.0,1303.0,1163.0
2025-06,Wheat,Maharashtra,Nashik,Quintal,2107.0,2681.0,2394.0
2025-06,Wheat,Maharashtra,Pune,Quintal,2027.0,2579.0,2303.0
2025-06,Wheat,Maharashtra,Ahmednagar,Quintal,2167.0,2759.0,2463.0
2025-06,Wheat,Maharashtra,Jalgaon,Quintal,2158.0,2746.0,2452.0
2025-06,Fodder,Maharashtra,Nashik,Quintal,328.0,418.0,373.0
2025-06,Fodder,Maharashtra,Pune,Quintal,315.0,401.0,358.0
2025-06,Fodder,Maharashtra,Ahmednagar,Quintal,320.0,408.0,364.0
2025-06,Fodder,Maharashtra,Jalgaon,Quintal,316.0,402.0,359.0
2025-06,Poultry,Maharashtra,Nashik,Kg,92.0,118.0,105.0
2025-06,Poultry,Maharashtra,Pune,Kg,90.0,114.0,102.0
2025-06,Poultry,Maharashtra,Ahmednagar,Kg,86.0,110.0,98.0
2025-06,Poultry,Maharashtra,Jalgaon,Kg,87.0,111.0,99.0
2025-06,MilkCow,Maharashtra,Nashik,Litre,36.0,46.0,41.0
2025-06,MilkCow,Maharashtra,Pune,Litre,34.0,44.0,39.0
2025-06,MilkCow,Maharashtra,Ahmednagar,Litre,35.0,45.0,40.0
2025-06,MilkCow,Maharashtra,Jalgaon,Litre,35.0,45.0,40.0
2025-07,Maize,Maharashtra,Nashik,Quintal,1964.0,2500.0,2232.0
2025-07,Maize,Maharashtra,Pune,Quintal,2042.0,2600.0,2321.0
2025-07,Maize,Maharashtra,Ahmednagar,Quintal,2000.0,2546.0,2273.0
2025-07,Maize,Maharashtra,Jalgaon,Quintal,2000.0,2546.0,2273.0
2025-07,Soybean,Maharashtra,Nashik,Quintal,4222.0,5374.0,4798.0
2025-07,Soybean,Maharashtra,Pune,Quintal,3906.0,4972.0,4439.0
2025-07,Soybean,Maharashtra,Ahmednagar,Quintal,4536.0,5774.0,5155.0
2025-07,Soybean,Maharashtra,Jalgaon,Quintal,4156.0,5290.0,4723.0
2025-07,Onion,Maharashtra,Nashik,Quintal,1348.0,1716.0,1532.0
2025-07,Onion,Maharashtra,Pune,Quintal,1634.0,2080.0,1857.0
2025-07,Onion,Maharashtra,Ahmednagar,Quintal,1419.0,1805.0,1612.0
2025-07,Onion,Maharashtra,Jalgaon,Quintal,1485.0,1891.0,1688.0
2025-07,Tomato,Maharashtra,Nashik,Quintal,1398.0,1780.0,1589.0
2025-07,Tomato,Maharashtra,Pune,Quintal,1188.0,1512.0,1350.0
2025-07,Tomato,Maharashtra,Ahmednagar,Quintal,1324.0,1686.0,1505.0
2025-07,Tomato,Maharashtra,Jalgaon,Quintal,1575.0,2005.0,1790.0
2025-07,Wheat,Maharashtra,Nashik,Quintal,2014.0,2564.0,2289.0
2025-07,Wheat,Maharashtra,Pune,Quintal,2111.0,2687.0,2399.0
2025-07,Wheat,Maharashtra,Ahmednagar,Quintal,2097.0,2669.0,2383.0
2025-07,Wheat,Maharashtra,Jalgaon,Quintal,2170.0,2762.0,2466.0
2025-07,Fodder,Maharashtra,Nashik,Quintal,310.0,394.0,352.0
2025-07,Fodder,Maharashtra,Pune,Quintal,318.0,404.0,361.0
2025-07,Fodder,Maharashtra,Ahmednagar,Quintal,313.0,399.0,356.0
2025-07,Fodder,Maharashtra,Jalgaon,Quintal,309.0,393.0,351.0
2025-07,Poultry,Maharashtra,Nashik,Kg,83.0,105.0,94.0
2025-07,Poultry,Maharashtra,Pune,Kg,86.0,110.0,98.0
2025-07,Poultry,Maharashtra,Ahmednagar,Kg,82.0,104.0,93.0
2025-07,Poultry,Maharashtra,Jalgaon,Kg,82.0,104.0,93.0
2025-07,MilkCow,Maharashtra,Nashik,Litre,36.0,46.0,41.0
2025-07,MilkCow,Maharashtra,Pune,Litre,34.0,44.0,39.0
2025-07,MilkCow,Maharashtra,Ahmednagar,Litre,33.0,43.0,38.0
2025-07,MilkCow,Maharashtra,Jalgaon,Litre,34.0,44.0,39.0
2025-08,Maize,Maharashtra,Nashik,Quintal,1926.0,2452.0,2189.0
2025-08,Maize,Maharashtra,Pune,Quintal,2054.0,2614.0,2334.0
2025-08,Maize,Maharashtra,Ahmednagar,Quintal,1989.0,2531.0,2260.0
2025-08,Maize,Maharashtra,Jalgaon,Quintal,2081.0,2649.0,2365.0
2025-08,Soybean,Maharashtra,Nashik,Quintal,3960.0,5040.0,4500.0
2025-08,Soybean,Maharashtra,Pune,Quintal,4016.0,5112.0,4564.0
2025-08,Soybean,Maharashtra,Ahmednagar,Quintal,4521.0,5755.0,5138.0
2025-08,Soybean,Maharashtra,Jalgaon,Quintal,4052.0,5156.0,4604.0
2025-08,Onion,Maharashtra,Nashik,Quintal,1888.0,2402.0,2145.0
2025-08,Onion,Maharashtra,Pune,Quintal,1861.0,2369.0,2115.0
2025-08,Onion,Maharashtra,Ahmednagar,Quintal,1701.0,2165.0,1933.0
2025-08,Onion,Maharashtra,Jalgaon,Quintal,1925.0,2451.0,2188.0
2025-08,Tomato,Maharashtra,Nashik,Quintal,1425.0,1813.0,1619.0
2025-08,Tomato,Maharashtra,Pune,Quintal,998.0,1270.0,1134.0
2025-08,Tomato,Maharashtra,Ahmednagar,Quintal,1765.0,2247.0,2006.0
2025-08,Tomato,Maharashtra,Jalgaon,Quintal,1781.0,2267.0,2024.0
2025-08,Wheat,Maharashtra,Nashik,Quintal,2130.0,2712.0,2421.0
2025-08,Wheat,Maharashtra,Pune,Quintal,2155.0,2743.0,2449.0
2025-08,Wheat,Maharashtra,Ahmednagar,Quintal,2101.0,2673.0,2387.0
2025-08,Wheat,Maharashtra,Jalgaon,Quintal,2171.0,2763.0,2467.0
2025-08,Fodder,Maharashtra,Nashik,Quintal,338.0,430.0,384.0
2025-08,Fodder,Maharashtra,Pune,Quintal,336.0,428.0,382.0
2025-08,Fodder,Maharashtra,Ahmednagar,Quintal,338.0,430.0,384.0
2025-08,Fodder,Maharashtra,Jalgaon,Quintal,327.0,417.0,372.0
2025-08,Poultry,Maharashtra,Nashik,Kg,94.0,120.0,107.0
2025-08,Poultry,Maharashtra,Pune,Kg,81.0,103.0,92.0
2025-08,Poultry,Maharashtra,Ahmednagar,Kg,82.0,104.0,93.0
2025-08,Poultry,Maharashtra,Jalgaon,Kg,90.0,114.0,102.0
2025-08,MilkCow,Maharashtra,Nashik,Litre,34.0,44.0,39.0
2025-08,MilkCow,Maharashtra,Pune,Litre,33.0,43.0,38.0
2025-08,MilkCow,Maharashtra,Ahmednagar,Litre,35.0,45.0,40.0
2025-08,MilkCow,Maharashtra,Jalgaon,Litre,33.0,43.0,38.0
2025-09,Maize,Maharashtra,Nashik,Quintal,2088.0,2658.0,2373.0
2025-09,Maize,Maharashtra,Pune,Quintal,1884.0,2398.0,2141.0
2025-09,Maize,Maharashtra,Ahmednagar,Quintal,2035.0,2589.0,2312.0
2025-09,Maize,Maharashtra,Jalgaon,Quintal,1998.0,2542.0,2270.0
2025-09,Soybean,Maharashtra,Nashik,Quintal,4283.0,5451.0,4867.0
2025-09,Soybean,Maharashtra,Pune,Quintal,4262.0,5424.0,4843.0
2025-09,Soybean,Maharashtra,Ahmednagar,Quintal,4278.0,5444.0,4861.0
2025-09,Soybean,Maharashtra,Jalgaon,Quintal,4247.0,5405.0,4826.0
2025-09,Onion,Maharashtra,Nashik,Quintal,1366.0,1738.0,1552.0
2025-09,Onion,Maharashtra,Pune,Quintal,1565.0,1991.0,1778.0
2025-09,Onion,Maharashtra,Ahmednagar,Quintal,1688.0,2148.0,1918.0
2025-09,Onion,Maharashtra,Jalgaon,Quintal,1639.0,2087.0,1863.0
2025-09,Tomato,Maharashtra,Nashik,Quintal,1171.0,1491.0,1331.0
2025-09,Tomato,Maharashtra,Pune,Quintal,983.0,1251.0,1117.0
2025-09,Tomato,Maharashtra,Ahmednagar,Quintal,1291.0,1643.0,1467.0
2025-09,Tomato,Maharashtra,Jalgaon,Quintal,1045.0,1329.0,1187.0
2025-09,Wheat,Maharashtra,Nashik,Quintal,2131.0,2713.0,2422.0
2025-09,Wheat,Maharashtra,Pune,Quintal,2048.0,2606.0,2327.0
2025-09,Wheat,Maharashtra,Ahmednagar,Quintal,2057.0,2619.0,2338.0
2025-09,Wheat,Maharashtra,Jalgaon,Quintal,2112.0,2688.0,2400.0
2025-09,Fodder,Maharashtra,Nashik,Quintal,324.0,412.0,368.0
2025-09,Fodder,Maharashtra,Pune,Quintal,319.0,405.0,362.0
2025-09,Fodder,Maharashtra,Ahmednagar,Quintal,316.0,402.0,359.0
2025-09,Fodder,Maharashtra,Jalgaon,Quintal,328.0,418.0,373.0
2025-09,Poultry,Maharashtra,Nashik,Kg,83.0,105.0,94.0
2025-09,Poultry,Maharashtra,Pune,Kg,82.0,104.0,93.0
2025-09,Poultry,Maharashtra,Ahmednagar,Kg,85.0,109.0,97.0
2025-09,Poultry,Maharashtra,Jalgaon,Kg,92.0,116.0,104.0
2025-09,MilkCow,Maharashtra,Nashik,Litre,34.0,44.0,39.0
2025-09,MilkCow,Maharashtra,Pune,Litre,36.0,46.0,41.0
2025-09,MilkCow,Maharashtra,Ahmednagar,Litre,36.0,46.0,41.0
2025-09,MilkCow,Maharashtra,Jalgaon,Litre,36.0,46.0,41.0
2025-10,Maize,Maharashtra,Nashik,Quintal,2171.0,2763.0,2467.0
2025-10,Maize,Maharashtra,Pune,Quintal,2084.0,2652.0,2368.0
2025-10,Maize,Maharashtra,Ahmednagar,Quintal,2138.0,2722.0,2430.0
2025-10,Maize,Maharashtra,Jalgaon,Quintal,2137.0,2719.0,2428.0
2025-10,Soybean,Maharashtra,Nashik,Quintal,4345.0,5529.0,4937.0
2025-10,Soybean,Maharashtra,Pune,Quintal,4468.0,5686.0,5077.0
2025-10,Soybean,Maharashtra,Ahmednagar,Quintal,4196.0,5340.0,4768.0
2025-10,Soybean,Maharashtra,Jalgaon,Quintal,4115.0,5237.0,4676.0
2025-10,Onion,Maharashtra,Nashik,Quintal,1665.0,2119.0,1892.0
2025-10,Onion,Maharashtra,Pune,Quintal,2076.0,2642.0,2359.0
2025-10,Onion,Maharashtra,Ahmednagar,Quintal,1749.0,2225.0,1987.0
2025-10,Onion,Maharashtra,Jalgaon,Quintal,1693.0,2155.0,1924.0
2025-10,Tomato,Maharashtra,Nashik,Quintal,1516.0,1930.0,1723.0
2025-10,Tomato,Maharashtra,Pune,Quintal,1469.0,1869.0,1669.0
2025-10,Tomato,Maharashtra,Ahmednagar,Quintal,1332.0,1696.0,1514.0
2025-10,Tomato,Maharashtra,Jalgaon,Quintal,1670.0,2126.0,1898.0
2025-10,Wheat,Maharashtra,Nashik,Quintal,2227.0,2835.0,2531.0
2025-10,Wheat,Maharashtra,Pune,Quintal,2238.0,2848.0,2543.0
2025-10,Wheat,Maharashtra,Ahmednagar,Quintal,2165.0,2755.0,2460.0
2025-10,Wheat,Maharashtra,Jalgaon,Quintal,2189.0,2787.0,2488.0
2025-10,Fodder,Maharashtra,Nashik,Quintal,332.0,422.0,377.0
2025-10,Fodder,Maharashtra,Pune,Quintal,334.0,424.0,379.0
2025-10,Fodder,Maharashtra,Ahmednagar,Quintal,346.0,440.0,393.0
2025-10,Fodder,Maharashtra,Jalgaon,Quintal,347.0,441.0,394.0
2025-10,Poultry,Maharashtra,Nashik,Kg,93.0,119.0,106.0
2025-10,Poultry,Maharashtra,Pune,Kg,90.0,114.0,102.0
2025-10,Poultry,Maharashtra,Ahmednagar,Kg,92.0,118.0,105.0
2025-10,Poultry,Maharashtra,Jalgaon,Kg,99.0,127.0,113.0
2025-10,MilkCow,Maharashtra,Nashik,Litre,36.0,46.0,41.0
2025-10,MilkCow,Maharashtra,Pune,Litre,38.0,48.0,43.0
2025-10,MilkCow,Maharashtra,Ahmednagar,Litre,38.0,48.0,43.0
2025-10,MilkCow,Maharashtra,Jalgaon,Litre,37.0,47.0,42.0
2025-11,Maize,Maharashtra,Nashik,Quintal,2029.0,2583.0,2306.0
2025-11,Maize,Maharashtra,Pune,Quintal,2086.0,2656.0,2371.0
2025-11,Maize,Maharashtra,Ahmednagar,Quintal,2205.0,2807.0,2506.0
2025-11,Maize,Maharashtra,Jalgaon,Quintal,2121.0,2699.0,2410.0
2025-11,Soybean,Maharashtra,Nashik,Quintal,4482.0,5704.0,5093.0
2025-11,Soybean,Maharashtra,Pune,Quintal,4596.0,5850.0,5223.0
2025-11,Soybean,Maharashtra,Ahmednagar,Quintal,4203.0,5349.0,4776.0
2025-11,Soybean,Maharashtra,Jalgaon,Quintal,4213.0,5361.0,4787.0
2025-11,Onion,Maharashtra,Nashik,Quintal,1832.0,2332.0,2082.0
2025-11,Onion,Maharashtra,Pune,Quintal,1621.0,2063.0,1842.0
2025-11,Onion,Maharashtra,Ahmednagar,Quintal,1689.0,2149.0,1919.0
2025-11,Onion,Maharashtra,Jalgaon,Quintal,1579.0,2009.0,1794.0
2025-11,Tomato,Maharashtra,Nashik,Quintal,1412.0,1798.0,1605.0
2025-11,Tomato,Maharashtra,Pune,Quintal,1281.0,1631.0,1456.0
2025-11,Tomato,Maharashtra,Ahmednagar,Quintal,1155.0,1469.0,1312.0
2025-11,Tomato,Maharashtra,Jalgaon,Quintal,1578.0,2008.0,1793.0
2025-11,Wheat,Maharashtra,Nashik,Quintal,2128.0,2708.0,2418.0
2025-11,Wheat,Maharashtra,Pune,Quintal,2231.0,2839.0,2535.0
2025-11,Wheat,Maharashtra,Ahmednagar,Quintal,2144.0,2728.0,2436.0
2025-11,Wheat,Maharashtra,Jalgaon,Quintal,2275.0,2895.0,2585.0
2025-11,Fodder,Maharashtra,Nashik,Quintal,339.0,431.0,385.0
2025-11,Fodder,Maharashtra,Pune,Quintal,326.0,416.0,371.0
2025-11,Fodder,Maharashtra,Ahmednagar,Quintal,337.0,429.0,383.0
2025-11,Fodder,Maharashtra,Jalgaon,Quintal,334.0,424.0,379.0
2025-11,Poultry,Maharashtra,Nashik,Kg,97.0,123.0,110.0
2025-11,Poultry,Maharashtra,Pune,Kg,96.0,122.0,109.0
2025-11,Poultry,Maharashtra,Ahmednagar,Kg,98.0,124.0,111.0
2025-11,Poultry,Maharashtra,Jalgaon,Kg,89.0,113.0,101.0
2025-11,MilkCow,Maharashtra,Nashik,Litre,38.0,48.0,43.0
2025-11,MilkCow,Maharashtra,Pune,Litre,37.0,47.0,42.0
2025-11,MilkCow,Maharashtra,Ahmednagar,Litre,36.0,46.0,41.0
2025-11,MilkCow,Maharashtra,Jalgaon,Litre,36.0,46.0,41.0
2025-12,Maize,Maharashtra,Nashik,Quintal,2014.0,2564.0,2289.0
2025-12,Maize,Maharashtra,Pune,Quintal,2126.0,2706.0,2416.0
2025-12,Maize,Maharashtra,Ahmednagar,Quintal,1980.0,2520.0,2250.0
2025-12,Maize,Maharashtra,Jalgaon,Quintal,2026.0,2578.0,2302.0
2025-12,Soybean,Maharashtra,Nashik,Quintal,4631.0,5895.0,5263.0
2025-12,Soybean,Maharashtra,Pune,Quintal,4641.0,5907.0,5274.0
2025-12,Soybean,Maharashtra,Ahmednagar,Quintal,4675.0,5951.0,5313.0
2025-12,Soybean,Maharashtra,Jalgaon,Quintal,4419.0,5625.0,5022.0
2025-12,Onion,Maharashtra,Nashik,Quintal,2014.0,2564.0,2289.0
2025-12,Onion,Maharashtra,Pune,Quintal,1872.0,2382.0,2127.0
2025-12,Onion,Maharashtra,Ahmednagar,Quintal,1522.0,1936.0,1729.0
2025-12,Onion,Maharashtra,Jalgaon,Quintal,1477.0,1879.0,1678.0
2025-12,Tomato,Maharashtra,Nashik,Quintal,1363.0,1735.0,1549.0
2025-12,Tomato,Maharashtra,Pune,Quintal,1553.0,1977.0,1765.0
2025-12,Tomato,Maharashtra,Ahmednagar,Quintal,1590.0,2024.0,1807.0
2025-12,Tomato,Maharashtra,Jalgaon,Quintal,1371.0,1745.0,1558.0
2025-12,Wheat,Maharashtra,Nashik,Quintal,2240.0,2852.0,2546.0
2025-12,Wheat,Maharashtra,Pune,Quintal,2185.0,2781.0,2483.0
2025-12,Wheat,Maharashtra,Ahmednagar,Quintal,2227.0,2835.0,2531.0
2025-12,Wheat,Maharashtra,Jalgaon,Quintal,2304.0,2932.0,2618.0
2025-12,Fodder,Maharashtra,Nashik,Quintal,348.0,444.0,396.0
2025-12,Fodder,Maharashtra,Pune,Quintal,336.0,428.0,382.0
2025-12,Fodder,Maharashtra,Ahmednagar,Quintal,356.0,452.0,404.0
2025-12,Fodder,Maharashtra,Jalgaon,Quintal,333.0,423.0,378.0
2025-12,Poultry,Maharashtra,Nashik,Kg,92.0,118.0,105.0
2025-12,Poultry,Maharashtra,Pune,Kg,86.0,110.0,98.0
2025-12,Poultry,Maharashtra,Ahmednagar,Kg,94.0,120.0,107.0
2025-12,Poultry,Maharashtra,Jalgaon,Kg,88.0,112.0,100.0
2025-12,MilkCow,Maharashtra,Nashik,Litre,36.0,46.0,41.0
2025-12,MilkCow,Maharashtra,Pune,Litre,37.0,47.0,42.0
2025-12,MilkCow,Maharashtra,Ahmednagar,Litre,37.0,47.0,42.0
2025-12,MilkCow,Maharashtra,Jalgaon,Litre,37.0,47.0,42.0
2026-01,Maize,Maharashtra,Nashik,Quintal,1972.0,2510.0,2241.0
2026-01,Maize,Maharashtra,Pune,Quintal,2001.0,2547.0,2274.0
2026-01,Maize,Maharashtra,Ahmednagar,Quintal,1896.0,2412.0,2154.0
2026-01,Maize,Maharashtra,Jalgaon,Quintal,1955.0,2489.0,2222.0
2026-01,Soybean,Maharashtra,Nashik,Quintal,3965.0,5047.0,4506.0
2026-01,Soybean,Maharashtra,Pune,Quintal,4349.0,5535.0,4942.0
2026-01,Soybean,Maharashtra,Ahmednagar,Quintal,4171.0,5309.0,4740.0
2026-01,Soybean,Maharashtra,Jalgaon,Quintal,4144.0,5274.0,4709.0
2026-01,Onion,Maharashtra,Nashik,Quintal,1618.0,2060.0,1839.0
2026-01,Onion,Maharashtra,Pune,Quintal,2000.0,2546.0,2273.0
2026-01,Onion,Maharashtra,Ahmednagar,Quintal,1763.0,2243.0,2003.0
2026-01,Onion,Maharashtra,Jalgaon,Quintal,1699.0,2163.0,1931.0
2026-01,Tomato,Maharashtra,Nashik,Quintal,1673.0,2129.0,1901.0
2026-01,Tomato,Maharashtra,Pune,Quintal,1771.0,2253.0,2012.0
2026-01,Tomato,Maharashtra,Ahmednagar,Quintal,1217.0,1549.0,1383.0
2026-01,Tomato,Maharashtra,Jalgaon,Quintal,1535.0,1953.0,1744.0
2026-01,Wheat,Maharashtra,Nashik,Quintal,2196.0,2794.0,2495.0
2026-01,Wheat,Maharashtra,Pune,Quintal,2119.0,2697.0,2408.0
2026-01,Wheat,Maharashtra,Ahmednagar,Quintal,2174.0,2768.0,2471.0
2026-01,Wheat,Maharashtra,Jalgaon,Quintal,2093.0,2663.0,2378.0
2026-01,Fodder,Maharashtra,Nashik,Quintal,322.0,410.0,366.0
2026-01,Fodder,Maharashtra,Pune,Quintal,317.0,403.0,360.0
2026-01,Fodder,Maharashtra,Ahmednagar,Quintal,323.0,411.0,367.0
2026-01,Fodder,Maharashtra,Jalgaon,Quintal,324.0,412.0,368.0
2026-01,Poultry,Maharashtra,Nashik,Kg,90.0,114.0,102.0
2026-01,Poultry,Maharashtra,Pune,Kg,94.0,120.0,107.0
2026-01,Poultry,Maharashtra,Ahmednagar,Kg,93.0,119.0,106.0
2026-01,Poultry,Maharashtra,Jalgaon,Kg,92.0,118.0,105.0
2026-01,MilkCow,Maharashtra,Nashik,Litre,35.0,45.0,40.0
2026-01,MilkCow,Maharashtra,Pune,Litre,35.0,45.0,40.0
2026-01,MilkCow,Maharashtra,Ahmednagar,Litre,36.0,46.0,41.0
2026-01,MilkCow,Maharashtra,Jalgaon,Litre,36.0,46.0,41.0
2026-02,Maize,Maharashtra,Nashik,Quintal,1892.0,2408.0,2150.0
2026-02,Maize,Maharashtra,Pune,Quintal,1942.0,2472.0,2207.0
2026-02,Maize,Maharashtra,Ahmednagar,Quintal,1927.0,2453.0,2190.0
2026-02,Maize,Maharashtra,Jalgaon,Quintal,2034.0,2588.0,2311.0
2026-02,Soybean,Maharashtra,Nashik,Quintal,4272.0,5438.0,4855.0
2026-02,Soybean,Maharashtra,Pune,Quintal,4506.0,5736.0,5121.0
2026-02,Soybean,Maharashtra,Ahmednagar,Quintal,4247.0,5405.0,4826.0
2026-02,Soybean,Maharashtra,Jalgaon,Quintal,4078.0,5190.0,4634.0
2026-02,Onion,Maharashtra,Nashik,Quintal,1364.0,1736.0,1550.0
2026-02,Onion,Maharashtra,Pune,Quintal,1400.0,1782.0,1591.0
2026-02,Onion,Maharashtra,Ahmednagar,Quintal,1412.0,1796.0,1604.0
2026-02,Onion,Maharashtra,Jalgaon,Quintal,1489.0,1895.0,1692.0
2026-02,Tomato,Maharashtra,Nashik,Quintal,1082.0,1378.0,1230.0
2026-02,Tomato,Maharashtra,Pune,Quintal,1485.0,1889.0,1687.0
2026-02,Tomato,Maharashtra,Ahmednagar,Quintal,1514.0,1926.0,1720.0
2026-02,Tomato,Maharashtra,Jalgaon,Quintal,1814.0,2308.0,2061.0
2026-02,Wheat,Maharashtra,Nashik,Quintal,2144.0,2728.0,2436.0
2026-02,Wheat,Maharashtra,Pune,Quintal,2108.0,2682.0,2395.0
2026-02,Wheat,Maharashtra,Ahmednagar,Quintal,2092.0,2662.0,2377.0
2026-02,Wheat,Maharashtra,Jalgaon,Quintal,2189.0,2787.0,2488.0
2026-02,Fodder,Maharashtra,Nashik,Quintal,313.0,399.0,356.0
2026-02,Fodder,Maharashtra,Pune,Quintal,312.0,398.0,355.0
2026-02,Fodder,Maharashtra,Ahmednagar,Quintal,321.0,409.0,365.0
2026-02,Fodder,Maharashtra,Jalgaon,Quintal,315.0,401.0,358.0
2026-02,Poultry,Maharashtra,Nashik,Kg,91.0,115.0,103.0
2026-02,Poultry,Maharashtra,Pune,Kg,83.0,105.0,94.0
2026-02,Poultry,Maharashtra,Ahmednagar,Kg,83.0,105.0,94.0
2026-02,Poultry,Maharashtra,Jalgaon,Kg,93.0,119.0,106.0
2026-02,MilkCow,Maharashtra,Nashik,Litre,36.0,46.0,41.0
2026-02,MilkCow,Maharashtra,Pune,Litre,35.0,45.0,40.0
2026-02,MilkCow,Maharashtra,Ahmednagar,Litre,35.0,45.0,40.0
2026-02,MilkCow,Maharashtra,Jalgaon,Litre,36.0,46.0,41.0
2026-03,Maize,Maharashtra,Nashik,Quintal,1918.0,2442.0,2180.0
2026-03,Maize,Maharashtra,Pune,Quintal,1972.0,2510.0,2241.0
2026-03,Maize,Maharashtra,Ahmednagar,Quintal,1925.0,2449.0,2187.0
2026-03,Maize,Maharashtra,Jalgaon,Quintal,2001.0,2547.0,2274.0
2026-03,Soybean,Maharashtra,Nashik,Quintal,4543.0,5783.0,5163.0
2026-03,Soybean,Maharashtra,Pune,Quintal,4023.0,5121.0,4572.0
2026-03,Soybean,Maharashtra,Ahmednagar,Quintal,4641.0,5907.0,5274.0
2026-03,Soybean,Maharashtra,Jalgaon,Quintal,4502.0,5730.0,5116.0
2026-03,Onion,Maharashtra,Nashik,Quintal,1631.0,2075.0,1853.0
2026-03,Onion,Maharashtra,Pune,Quintal,1984.0,2524.0,2254.0
2026-03,Onion,Maharashtra,Ahmednagar,Quintal,1407.0,1791.0,1599.0
2026-03,Onion,Maharashtra,Jalgaon,Quintal,1808.0,2300.0,2054.0
2026-03,Tomato,Maharashtra,Nashik,Quintal,1337.0,1701.0,1519.0
2026-03,Tomato,Maharashtra,Pune,Quintal,1815.0,2311.0,2063.0
2026-03,Tomato,Maharashtra,Ahmednagar,Quintal,1353.0,1721.0,1537.0
2026-03,Tomato,Maharashtra,Jalgaon,Quintal,1033.0,1315.0,1174.0
2026-03,Wheat,Maharashtra,Nashik,Quintal,2122.0,2700.0,2411.0
2026-03,Wheat,Maharashtra,Pune,Quintal,2168.0,2760.0,2464.0
2026-03,Wheat,Maharashtra,Ahmednagar,Quintal,2211.0,2813.0,2512.0
2026-03,Wheat,Maharashtra,Jalgaon,Quintal,2110.0,2686.0,2398.0
2026-03,Fodder,Maharashtra,Nashik,Quintal,325.0,413.0,369.0
2026-03,Fodder,Maharashtra,Pune,Quintal,313.0,399.0,356.0
2026-03,Fodder,Maharashtra,Ahmednagar,Quintal,334.0,426.0,380.0
2026-03,Fodder,Maharashtra,Jalgaon,Quintal,328.0,418.0,373.0
2026-03,Poultry,Maharashtra,Nashik,Kg,88.0,112.0,100.0
2026-03,Poultry,Maharashtra,Pune,Kg,86.0,110.0,98.0
2026-03,Poultry,Maharashtra,Ahmednagar,Kg,84.0,108.0,96.0
2026-03,Poultry,Maharashtra,Jalgaon,Kg,94.0,120.0,107.0
2026-03,MilkCow,Maharashtra,Nashik,Litre,36.0,46.0,41.0
2026-03,MilkCow,Maharashtra,Pune,Litre,36.0,46.0,41.0
2026-03,MilkCow,Maharashtra,Ahmednagar,Litre,35.0,45.0,40.0
2026-03,MilkCow,Maharashtra,Jalgaon,Litre,36.0,46.0,41.0
2026-04,Maize,Maharashtra,Nashik,Quintal,2082.0,2650.0,2366.0
2026-04,Maize,Maharashtra,Pune,Quintal,2060.0,2622.0,2341.0
2026-04,Maize,Maharashtra,Ahmednagar,Quintal,1981.0,2521.0,2251.0
2026-04,Maize,Maharashtra,Jalgaon,Quintal,2074.0,2640.0,2357.0
2026-04,Soybean,Maharashtra,Nashik,Quintal,4245.0,5403.0,4824.0
2026-04,Soybean,Maharashtra,Pune,Quintal,4399.0,5599.0,4999.0
2026-04,Soybean,Maharashtra,Ahmednagar,Quintal,4360.0,5550.0,4955.0
2026-04,Soybean,Maharashtra,Jalgaon,Quintal,4389.0,5585.0,4987.0
2026-04,Onion,Maharashtra,Nashik,Quintal,1564.0,1990.0,1777.0
2026-04,Onion,Maharashtra,Pune,Quintal,1926.0,2452.0,2189.0
2026-04,Onion,Maharashtra,Ahmednagar,Quintal,1932.0,2460.0,2196.0
2026-04,Onion,Maharashtra,Jalgaon,Quintal,1558.0,1982.0,1770.0
2026-04,Tomato,Maharashtra,Nashik,Quintal,1608.0,2046.0,1827.0
2026-04,Tomato,Maharashtra,Pune,Quintal,1492.0,1900.0,1696.0
2026-04,Tomato,Maharashtra,Ahmednagar,Quintal,1136.0,1446.0,1291.0
2026-04,Tomato,Maharashtra,Jalgaon,Quintal,1336.0,1700.0,1518.0
2026-04,Wheat,Maharashtra,Nashik,Quintal,2050.0,2610.0,2330.0
2026-04,Wheat,Maharashtra,Pune,Quintal,2149.0,2735.0,2442.0
2026-04,Wheat,Maharashtra,Ahmednagar,Quintal,2135.0,2717.0,2426.0
2026-04,Wheat,Maharashtra,Jalgaon,Quintal,2094.0,2666.0,2380.0
2026-04,Fodder,Maharashtra,Nashik,Quintal,335.0,427.0,381.0
2026-04,Fodder,Maharashtra,Pune,Quintal,340.0,432.0,386.0
2026-04,Fodder,Maharashtra,Ahmednagar,Quintal,319.0,405.0,362.0
2026-04,Fodder,Maharashtra,Jalgaon,Quintal,342.0,436.0,389.0
2026-04,Poultry,Maharashtra,Nashik,Kg,92.0,118.0,105.0
2026-04,Poultry,Maharashtra,Pune,Kg,88.0,112.0,100.0
2026-04,Poultry,Maharashtra,Ahmednagar,Kg,87.0,111.0,99.0
2026-04,Poultry,Maharashtra,Jalgaon,Kg,89.0,113.0,101.0
2026-04,MilkCow,Maharashtra,Nashik,Litre,37.0,47.0,42.0
2026-04,MilkCow,Maharashtra,Pune,Litre,35.0,45.0,40.0
2026-04,MilkCow,Maharashtra,Ahmednagar,Litre,37.0,47.0,42.0
2026-04,MilkCow,Maharashtra,Jalgaon,Litre,35.0,45.0,40.0
2026-05,Maize,Maharashtra,Nashik,Quintal,2118.0,2696.0,2407.0
2026-05,Maize,Maharashtra,Pune,Quintal,2042.0,2598.0,2320.0
2026-05,Maize,Maharashtra,Ahmednagar,Quintal,1977.0,2517.0,2247.0
2026-05,Maize,Maharashtra,Jalgaon,Quintal,1973.0,2511.0,2242.0
2026-05,Soybean,Maharashtra,Nashik,Quintal,4606.0,5862.0,5234.0
2026-05,Soybean,Maharashtra,Pune,Quintal,4411.0,5613.0,5012.0
2026-05,Soybean,Maharashtra,Ahmednagar,Quintal,4426.0,5634.0,5030.0
2026-05,Soybean,Maharashtra,Jalgaon,Quintal,4250.0,5410.0,4830.0
2026-05,Onion,Maharashtra,Nashik,Quintal,1638.0,2084.0,1861.0
2026-05,Onion,Maharashtra,Pune,Quintal,1662.0,2116.0,1889.0
2026-05,Onion,Maharashtra,Ahmednagar,Quintal,1605.0,2043.0,1824.0
2026-05,Onion,Maharashtra,Jalgaon,Quintal,1423.0,1811.0,1617.0
2026-05,Tomato,Maharashtra,Nashik,Quintal,1300.0,1654.0,1477.0
2026-05,Tomato,Maharashtra,Pune,Quintal,1681.0,2139.0,1910.0
2026-05,Tomato,Maharashtra,Ahmednagar,Quintal,1348.0,1716.0,1532.0
2026-05,Tomato,Maharashtra,Jalgaon,Quintal,1559.0,1985.0,1772.0
2026-05,Wheat,Maharashtra,Nashik,Quintal,2149.0,2735.0,2442.0
2026-05,Wheat,Maharashtra,Pune,Quintal,2146.0,2732.0,2439.0
2026-05,Wheat,Maharashtra,Ahmednagar,Quintal,2110.0,2686.0,2398.0
2026-05,Wheat,Maharashtra,Jalgaon,Quintal,2179.0,2773.0,2476.0
2026-05,Fodder,Maharashtra,Nashik,Quintal,325.0,413.0,369.0
2026-05,Fodder,Maharashtra,Pune,Quintal,324.0,412.0,368.0
2026-05,Fodder,Maharashtra,Ahmednagar,Quintal,320.0,408.0,364.0
2026-05,Fodder,Maharashtra,Jalgaon,Quintal,327.0,417.0,372.0
2026-05,Poultry,Maharashtra,Nashik,Kg,87.0,111.0,99.0
2026-05,Poultry,Maharashtra,Pune,Kg,89.0,113.0,101.0
2026-05,Poultry,Maharashtra,Ahmednagar,Kg,91.0,115.0,103.0
2026-05,Poultry,Maharashtra,Jalgaon,Kg,94.0,120.0,107.0
2026-05,MilkCow,Maharashtra,Nashik,Litre,35.0,45.0,40.0
2026-05,MilkCow,Maharashtra,Pune,Litre,37.0,47.0,42.0
2026-05,MilkCow,Maharashtra,Ahmednagar,Litre,36.0,46.0,41.0
2026-05,MilkCow,Maharashtra,Jalgaon,Litre,34.0,44.0,39.0
2026-06,Maize,Maharashtra,Nashik,Quintal,1980.0,2520.0,2250.0
2026-06,Maize,Maharashtra,Pune,Quintal,1963.0,2499.0,2231.0
2026-06,Maize,Maharashtra,Ahmednagar,Quintal,1972.0,2510.0,2241.0
2026-06,Maize,Maharashtra,Jalgaon,Quintal,2109.0,2685.0,2397.0
2026-06,Soybean,Maharashtra,Nashik,Quintal,4469.0,5687.0,5078.0
2026-06,Soybean,Maharashtra,Pune,Quintal,3979.0,5065.0,4522.0
2026-06,Soybean,Maharashtra,Ahmednagar,Quintal,4128.0,5254.0,4691.0
2026-06,Soybean,Maharashtra,Jalgaon,Quintal,4031.0,5131.0,4581.0
2026-06,Onion,Maharashtra,Nashik,Quintal,1473.0,1875.0,1674.0
2026-06,Onion,Maharashtra,Pune,Quintal,1833.0,2333.0,2083.0
2026-06,Onion,Maharashtra,Ahmednagar,Quintal,1986.0,2528.0,2257.0
2026-06,Onion,Maharashtra,Jalgaon,Quintal,2004.0,2550.0,2277.0
2026-06,Tomato,Maharashtra,Nashik,Quintal,1443.0,1837.0,1640.0
2026-06,Tomato,Maharashtra,Pune,Quintal,1074.0,1368.0,1221.0
2026-06,Tomato,Maharashtra,Ahmednagar,Quintal,1505.0,1915.0,1710.0
2026-06,Tomato,Maharashtra,Jalgaon,Quintal,1424.0,1812.0,1618.0
2026-06,Wheat,Maharashtra,Nashik,Quintal,2159.0,2747.0,2453.0
2026-06,Wheat,Maharashtra,Pune,Quintal,2102.0,2676.0,2389.0
2026-06,Wheat,Maharashtra,Ahmednagar,Quintal,2072.0,2636.0,2354.0
2026-06,Wheat,Maharashtra,Jalgaon,Quintal,2124.0,2704.0,2414.0
2026-06,Fodder,Maharashtra,Nashik,Quintal,316.0,402.0,359.0
2026-06,Fodder,Maharashtra,Pune,Quintal,345.0,439.0,392.0
2026-06,Fodder,Maharashtra,Ahmednagar,Quintal,342.0,436.0,389.0
2026-06,Fodder,Maharashtra,Jalgaon,Quintal,339.0,431.0,385.0
2026-06,Poultry,Maharashtra,Nashik,Kg,84.0,106.0,95.0
2026-06,Poultry,Maharashtra,Pune,Kg,91.0,115.0,103.0
2026-06,Poultry,Maharashtra,Ahmednagar,Kg,92.0,118.0,105.0
2026-06,Poultry,Maharashtra,Jalgaon,Kg,88.0,112.0,100.0
2026-06,MilkCow,Maharashtra,Nashik,Litre,34.0,44.0,39.0
2026-06,MilkCow,Maharashtra,Pune,Litre,37.0,47.0,42.0
2026-06,MilkCow,Maharashtra,Ahmednagar,Litre,36.0,46.0,41.0
2026-06,MilkCow,Maharashtra,Jalgaon,Litre,34.0,44.0,39.0
2026-07,Maize,Maharashtra,Nashik,Quintal,2090.0,2660.0,2375.0
2026-07,Maize,Maharashtra,Pune,Quintal,1973.0,2511.0,2242.0
2026-07,Maize,Maharashtra,Ahmednagar,Quintal,2127.0,2707.0,2417.0
2026-07,Maize,Maharashtra,Jalgaon,Quintal,2038.0,2594.0,2316.0
2026-07,Soybean,Maharashtra,Nashik,Quintal,4564.0,5808.0,5186.0
2026-07,Soybean,Maharashtra,Pune,Quintal,4291.0,5461.0,4876.0
2026-07,Soybean,Maharashtra,Ahmednagar,Quintal,4630.0,5892.0,5261.0
2026-07,Soybean,Maharashtra,Jalgaon,Quintal,4272.0,5438.0,4855.0
2026-07,Onion,Maharashtra,Nashik,Quintal,1457.0,1855.0,1656.0
2026-07,Onion,Maharashtra,Pune,Quintal,1790.0,2278.0,2034.0
2026-07,Onion,Maharashtra,Ahmednagar,Quintal,2024.0,2576.0,2300.0
2026-07,Onion,Maharashtra,Jalgaon,Quintal,1468.0,1868.0,1668.0
2026-07,Tomato,Maharashtra,Nashik,Quintal,1325.0,1687.0,1506.0
2026-07,Tomato,Maharashtra,Pune,Quintal,1030.0,1312.0,1171.0
2026-07,Tomato,Maharashtra,Ahmednagar,Quintal,1373.0,1747.0,1560.0
2026-07,Tomato,Maharashtra,Jalgaon,Quintal,1475.0,1877.0,1676.0
2026-07,Wheat,Maharashtra,Nashik,Quintal,2197.0,2797.0,2497.0
2026-07,Wheat,Maharashtra,Pune,Quintal,2132.0,2714.0,2423.0
2026-07,Wheat,Maharashtra,Ahmednagar,Quintal,2166.0,2756.0,2461.0
2026-07,Wheat,Maharashtra,Jalgaon,Quintal,2191.0,2789.0,2490.0
2026-07,Fodder,Maharashtra,Nashik,Quintal,323.0,411.0,367.0
2026-07,Fodder,Maharashtra,Pune,Quintal,339.0,431.0,385.0
2026-07,Fodder,Maharashtra,Ahmednagar,Quintal,340.0,432.0,386.0
2026-07,Fodder,Maharashtra,Jalgaon,Quintal,327.0,417.0,372.0
2026-07,Poultry,Maharashtra,Nashik,Kg,86.0,110.0,98.0
2026-07,Poultry,Maharashtra,Pune,Kg,93.0,119.0,106.0
2026-07,Poultry,Maharashtra,Ahmednagar,Kg,90.0,114.0,102.0
2026-07,Poultry,Maharashtra,Jalgaon,Kg,84.0,108.0,96.0
2026-07,MilkCow,Maharashtra,Nashik,Litre,35.0,45.0,40.0
2026-07,MilkCow,Maharashtra,Pune,Litre,37.0,47.0,42.0
2026-07,MilkCow,Maharashtra,Ahmednagar,Litre,36.0,46.0,41.0
2026-07,MilkCow,Maharashtra,Jalgaon,Litre,34.0,44.0,39.0
2026-08,Maize,Maharashtra,Nashik,Quintal,1932.0,2458.0,2195.0
2026-08,Maize,Maharashtra,Pune,Quintal,2020.0,2570.0,2295.0
2026-08,Maize,Maharashtra,Ahmednagar,Quintal,1925.0,2451.0,2188.0
2026-08,Maize,Maharashtra,Jalgaon,Quintal,2002.0,2548.0,2275.0
2026-08,Soybean,Maharashtra,Nashik,Quintal,4044.0,5148.0,4596.0
2026-08,Soybean,Maharashtra,Pune,Quintal,4682.0,5960.0,5321.0
2026-08,Soybean,Maharashtra,Ahmednagar,Quintal,4247.0,5405.0,4826.0
2026-08,Soybean,Maharashtra,Jalgaon,Quintal,4457.0,5673.0,5065.0
2026-08,Onion,Maharashtra,Nashik,Quintal,1546.0,1968.0,1757.0
2026-08,Onion,Maharashtra,Pune,Quintal,1507.0,1919.0,1713.0
2026-08,Onion,Maharashtra,Ahmednagar,Quintal,1589.0,2023.0,1806.0
2026-08,Onion,Maharashtra,Jalgaon,Quintal,1421.0,1809.0,1615.0
2026-08,Tomato,Maharashtra,Nashik,Quintal,1448.0,1844.0,1646.0
2026-08,Tomato,Maharashtra,Pune,Quintal,1085.0,1381.0,1233.0
2026-08,Tomato,Maharashtra,Ahmednagar,Quintal,1452.0,1848.0,1650.0
2026-08,Tomato,Maharashtra,Jalgaon,Quintal,1576.0,2006.0,1791.0
2026-08,Wheat,Maharashtra,Nashik,Quintal,2140.0,2724.0,2432.0
2026-08,Wheat,Maharashtra,Pune,Quintal,2120.0,2698.0,2409.0
2026-08,Wheat,Maharashtra,Ahmednagar,Quintal,2195.0,2793.0,2494.0
2026-08,Wheat,Maharashtra,Jalgaon,Quintal,2084.0,2652.0,2368.0
2026-08,Fodder,Maharashtra,Nashik,Quintal,319.0,405.0,362.0
2026-08,Fodder,Maharashtra,Pune,Quintal,332.0,422.0,377.0
2026-08,Fodder,Maharashtra,Ahmednagar,Quintal,336.0,428.0,382.0
2026-08,Fodder,Maharashtra,Jalgaon,Quintal,326.0,416.0,371.0
2026-08,Poultry,Maharashtra,Nashik,Kg,91.0,115.0,103.0
2026-08,Poultry,Maharashtra,Pune,Kg,89.0,113.0,101.0
2026-08,Poultry,Maharashtra,Ahmednagar,Kg,85.0,109.0,97.0
2026-08,Poultry,Maharashtra,Jalgaon,Kg,93.0,119.0,106.0
2026-08,MilkCow,Maharashtra,Nashik,Litre,37.0,47.0,42.0
2026-08,MilkCow,Maharashtra,Pune,Litre,36.0,46.0,41.0
2026-08,MilkCow,Maharashtra,Ahmednagar,Litre,37.0,47.0,42.0
2026-08,MilkCow,Maharashtra,Jalgaon,Litre,36.0,46.0,41.0
